sku,nombre,categoria,unidad,tipo,costo_promedio,stock_min,requiere_lote,activo
1865-CARMENERE-DN3OFF98,1865 CARMENERE,VINOS Y ESPUMANTES,UN,INSUMO,0,6,NO,SI
ACEITE-DE-ALTA-FRITURA-96675368,ACEITE DE ALTA FRITURA,Abarrotes,L,INSUMO,0,20,NO,SI
ACEITE-DE-OLIVA-N3OFF222,ACEITE DE OLIVA,Abarrotes,L,INSUMO,0,10,NO,SI
ACEITE-MARAVILLA-N3OFF145,ACEITE MARAVILLA,Abarrotes,L,INSUMO,0,12,NO,SI
ACEITUNAS-N3OFF176,ACEITUNAS,Frutas y Verduras,KG,INSUMO,0,1,NO,SI
ACEITUNAS-VERDES-BAR-N3OFF368,ACEITUNAS VERDES (BAR),Frutas y Verduras,UN,INSUMO,0,1,NO,SI
AGUA-BIDON-SIN-GAS-6-LT-DN3OFF72,AGUA BIDON SIN GAS 6 LT,Aguas y Bebidas,UN,INSUMO,0,4,NO,SI
AGUA-MINERAL-CON-GAS-DN3OFF70,AGUA MINERAL CON GAS,Aguas y Bebidas,UN,INSUMO,0,5,NO,SI
AGUA-MINERAL-SIN-GAS-DN3OFF71,AGUA MINERAL SIN GAS,Aguas y Bebidas,UN,INSUMO,0,5,NO,SI
AGUA-PURIFICADA-BIDON-20-N3OFF224,AGUA PURIFICADA BIDON 20 LT,Aguas y Bebidas,UN,INSUMO,0,5,NO,SI
AJI-CACHO-CABRA-17246063,AJI CACHO CABRA,Abarrotes,KG,INSUMO,0,1,NO,SI
AJI-COLOR-N3OFF339,AJI COLOR,Abarrotes,UN,INSUMO,0,1,NO,SI
AJI-VERDE-N3OFF177,AJI VERDE,Frutas y Verduras,UN,INSUMO,0,1,NO,SI
AJO-N3OFF178,AJO,Frutas y Verduras,UN,INSUMO,0,20,NO,SI
ALBACORA-BDN3OFF0,ALBACORA,Pescados y Mariscos,KG,INSUMO,0,0,SI,SI
ALBAHACA-N3OFF179,ALBAHACA,Frutas y Verduras,UN,INSUMO,0,2,NO,SI
ALBUMINA-N3OFF257,ALBUMINA,Abarrotes,KG,INSUMO,0,2,NO,SI
ALCAPARRAS-N3OFF147,ALCAPARRAS,Abarrotes,UN,INSUMO,0,2,NO,SI
ALCOHOL-N3OFF248,ALCOHOL,Aseo,L,NO_ALIMENTARIO,0,5,NO,SI
ALCOHOL-GEL-DN3OFF50,ALCOHOL GEL,Aseo,L,NO_ALIMENTARIO,0,5,NO,SI
ALMEJAS-BDN3OFF1,ALMEJAS,Pescados y Mariscos,KG,INSUMO,0,10,SI,SI
ALMENDRAS-LAMINADAS-O-EN-N3OFF180,ALMENDRAS LAMINADAS O ENTERAS,Abarrotes,KG,INSUMO,0,1,NO,SI
ALUSA-PLAST-N3OFF123,ALUSA PLAST,Aseo,UN,NO_ALIMENTARIO,0,1,NO,SI
AMARETTO-CASA-N3OFF117,AMARETTO CASA,DESTILADOS Y LICORES,UN,INSUMO,0,10,NO,SI
AMARETTO-DISARONNO-N3OFF260,AMARETTO DISARONNO,DESTILADOS Y LICORES,UN,INSUMO,0,4,NO,SI
AMARGO-ANGOSTURA-N3OFF258,AMARGO ANGOSTURA,Abarrotes,UN,INSUMO,0,1,NO,SI
AMONIO-CUATERNARIO-DN3OFF51,AMONIO CUATERNARIO,Aseo,L,NO_ALIMENTARIO,0,5,NO,SI
APALTAGUA-CARMENERE-N3OFF305,APALTAGUA CARMENERE,VINOS Y ESPUMANTES,UN,INSUMO,0,1,NO,SI
APEROL-N3OFF259,APEROL,DESTILADOS Y LICORES,UN,INSUMO,0,6,NO,SI
APIO-N3OFF181,APIO,Frutas y Verduras,UN,INSUMO,0,1,NO,SI
ARANDANOS-N3OFF182,ARÁNDANOS,Frutas y Verduras,KG,INSUMO,0,1,NO,SI
ARAUCANO-N3OFF261,ARAUCANO,DESTILADOS Y LICORES,UN,INSUMO,0,1,NO,SI
AROMATIZANTE-LIQUIDO-38612581,AROMATIZANTE LIQUIDO,Aseo,L,NO_ALIMENTARIO,0,0,NO,SI
ARROZ-ARBORIO-N3OFF148,ARROZ ARBORIO,Abarrotes,KG,INSUMO,0,4,NO,SI
ARROZ-BASMATI-N3OFF340,ARROZ BASMATI,Abarrotes,KG,INSUMO,0,2,NO,SI
ARROZ-G1-N3OFF149,ARROZ G1,Abarrotes,KG,INSUMO,0,10,NO,SI
ARVEJAS-CONGELADAS-N3OFF150,ARVEJAS CONGELADAS,CONGELADOS,KG,INSUMO,0,2,NO,SI
AUSTRAL-CALAFATE-DN3OFF85,AUSTRAL CALAFATE,BEBIDAS ALCOHOLICAS,UN,INSUMO,0,1,NO,SI
AUSTRAL-LAGER-DN3OFF86,AUSTRAL LAGER,BEBIDAS ALCOHOLICAS,UN,INSUMO,0,1,NO,SI
AZUCAR-FLOR-N3OFF152,AZÚCAR FLOR,Abarrotes,KG,INSUMO,0,2,NO,SI
AZUCAR-GRANULADA-N3OFF151,AZÚCAR GRANULADA,Abarrotes,KG,INSUMO,0,10,NO,SI
AZUCAR-RUBIA-N3OFF153,AZÚCAR RUBIA,Abarrotes,KG,INSUMO,0,2,NO,SI
AZUCAR-SACHET-N3OFF341,AZÚCAR SACHET,Abarrotes,UN,INSUMO,0,100,NO,SI
BAILEYS-N3OFF262,BAILEYS,DESTILADOS Y LICORES,UN,INSUMO,0,1,NO,SI
BERROS-N3OFF183,BERROS,Frutas y Verduras,UN,INSUMO,0,2,NO,SI
BILZ-DN3OFF73,BILZ,Aguas y Bebidas,UN,INSUMO,0,4,NO,SI
BIOETANOL-N3OFF122,BIOETANOL,Aseo,L,NO_ALIMENTARIO,0,5,NO,SI
BITTER-ROSARD-CLASICO-N3OFF118,BITTER ROSARD CLASICO,DESTILADOS Y LICORES,UN,INSUMO,0,10,NO,SI
BOLSA-ASEO-50X70-DN3OFF52,BOLSA ASEO 50X70,Aseo,UN,NO_ALIMENTARIO,0,10,NO,SI
BOLSA-ASEO-90X120-DN3OFF54,BOLSA ASEO 90X120,Aseo,UN,NO_ALIMENTARIO,0,10,NO,SI
BOLSA-PREPICADO-20X30-DN3OFF55,BOLSA PREPICADO 20X30,Aseo,UN,NO_ALIMENTARIO,0,1,NO,SI
BOLSA-PREPICADO-35X50-DN3OFF56,BOLSA PREPICADO 35X50,Aseo,UN,NO_ALIMENTARIO,0,1,NO,SI
BOLSAS-PARA-LLEVAR-N3OFF326,BOLSAS PARA LLEVAR,Aseo,UN,NO_ALIMENTARIO,0,50,NO,SI
BOMBILLAS-N3OFF124,BOMBILLAS,Aseo,CAJA,NO_ALIMENTARIO,0,1,NO,SI
BRIOMIL-DESENGRASANTE-N3OFF249,BRIOMIL DESENGRASANTE,Aseo,L,NO_ALIMENTARIO,0,5,NO,SI
BROCOLI-50394674,BRÓCOLI,Frutas y Verduras,UN,INSUMO,0,1,NO,SI
BROTES-N3OFF369,BROTES,Frutas y Verduras,UN,INSUMO,0,9,NO,SI
BULGUR-N3OFF370,BULGUR,Abarrotes,UN,INSUMO,0,1,NO,SI
C10-N3OFF327,C10,Aseo,UN,NO_ALIMENTARIO,0,4,NO,SI
C20-N3OFF328,C20,Aseo,UN,NO_ALIMENTARIO,0,4,NO,SI
CACAO-EN-POLVO-77332463,CACAO EN POLVO,Abarrotes,KG,INSUMO,0,0,NO,SI
CACHAZA-N3OFF263,CACHAZA,DESTILADOS Y LICORES,UN,INSUMO,0,2,NO,SI
CAFE-EN-SACHET-N3OFF154,CAFÉ EN SACHET,Abarrotes,UN,INSUMO,0,90,NO,SI
CAFE-GRANO-N3OFF245,CAFÉ GRANO,Abarrotes,KG,INSUMO,0,1,NO,SI
CAFE-PERSONAL-N3OFF332,CAFÉ PERSONAL,Abarrotes,UN,INSUMO,0,2,NO,SI
CALAMAR-BDN3OFF2,CALAMAR,Pescados y Mariscos,KG,INSUMO,0,10,SI,SI
CALDOSO-Y-SOPA-MARINA-BDN3OFF3,CALDOSO Y SOPA MARINA,Pescados y Mariscos,UN,INSUMO,0,20,SI,SI
CAMARON-EC-UATORIANO-POR-BDN3OFF5,CAMARÓN EC.. UATORIANO PORCIONADO,Pescados y Mariscos,UN,INSUMO,0,10,SI,SI
CAMARON-EC-UATORIANO-KIL-BDN3OFF4,CAMARÓN EC.... UATORIANO KILO,Pescados y Mariscos,KG,INSUMO,0,10,SI,SI
CAMARON-NACIONAL-KILO-BDN3OFF6,CAMARÓN NACIONAL KILO,Pescados y Mariscos,KG,INSUMO,0,10,SI,SI
CAMARON-NACIONAL-PORCION-BDN3OFF7,CAMARÓN NACIONAL PORCIÓN,Pescados y Mariscos,UN,INSUMO,0,10,SI,SI
CAMPARI-N3OFF264,CAMPARI,DESTILADOS Y LICORES,UN,INSUMO,0,1,NO,SI
CANADA-DRY-DN3OFF74,CANADA DRY,Aguas y Bebidas,UN,INSUMO,0,4,NO,SI
CANADA-DRY-CERO-DN3OFF75,CANADA DRY CERO,Aguas y Bebidas,UN,INSUMO,0,4,NO,SI
CANELA-MOLIDA-N3OFF343,CANELA MOLIDA,Abarrotes,UN,INSUMO,0,1,NO,SI
CANELA-PALO-N3OFF344,CANELA PALO,Abarrotes,UN,INSUMO,0,1,NO,SI
CARNE-DE-CENTOLLA-BDN3OFF8,CARNE DE CENTOLLA,Pescados y Mariscos,KG,INSUMO,0,2,SI,SI
CARNE-DE-CENTOLLA-PORCIO-BDN3OFF9,CARNE DE CENTOLLA PORCIÓN,Pescados y Mariscos,UN,INSUMO,0,2,SI,SI
CARNE-DE-JAIBA-DN3OFF10,CARNE DE JAIBA,Pescados y Mariscos,KG,INSUMO,0,10,SI,SI
CARNE-DE-JAIBA-PORCION-DN3OFF11,CARNE DE JAIBA PORCIÓN,Pescados y Mariscos,UN,INSUMO,0,10,SI,SI
CARNE-MOLIDA-N3OFF134,CARNE MOLIDA,Carnes y Aves,KG,INSUMO,0,5,SI,SI
CASAS-D-B-PEQUENAS-PRODU-N3OFF308,CASAS D. B. PEQUENAS PRODUCCIONES,VINOS Y ESPUMANTES,UN,INSUMO,0,4,NO,SI
CASAS-DEL-BOSQUES-CHARDO-N3OFF307,CASAS DEL BOSQUES CHARDONNAY,VINOS Y ESPUMANTES,UN,INSUMO,0,1,NO,SI
CASAS-DEL-BOSQUES-S-BLAN-N3OFF306,CASAS DEL BOSQUES S. BLANC,VINOS Y ESPUMANTES,UN,INSUMO,0,1,NO,SI
CEBICHE-DE-150-DN3OFF12,CEBICHE DE 150,Pescados y Mariscos,UN,INSUMO,0,10,SI,SI
CEBICHE-DE-200-DN3OFF13,CEBICHE DE 200,Pescados y Mariscos,UN,INSUMO,0,10,SI,SI
CEBOLLA-BLANCA-N3OFF185,CEBOLLA BLANCA,Frutas y Verduras,KG,INSUMO,0,15,NO,SI
CEBOLLA-MORADA-N3OFF186,CEBOLLA MORADA,Frutas y Verduras,KG,INSUMO,0,15,NO,SI
CEBOLLIN-N3OFF184,CEBOLLÍN,Frutas y Verduras,UN,INSUMO,0,1,NO,SI
CERA-VITRIFICANTE-N3OFF329,CERA VITRIFICANTE,Aseo,L,NO_ALIMENTARIO,0,2,NO,SI
CHAMPAGNE-MOET-CHANDON-N3OFF225,CHAMPAGNE MOET CHANDON,VINOS Y ESPUMANTES,UN,INSUMO,0,3,NO,SI
CHAMPAGNE-TATTINGER-21561531,CHAMPAGNE TATTINGER,VINOS Y ESPUMANTES,UN,INSUMO,0,1,NO,SI
CHAMPINONES-N3OFF371,CHAMPINONES,Frutas y Verduras,UN,INSUMO,0,1,NO,SI
CHATEU-LOS-BOLDOS-CARMEN-N3OFF227,CHATEU LOS BOLDOS CARMENERE,VINOS Y ESPUMANTES,UN,INSUMO,0,10,NO,SI
CHATEU-LOS-BOLDOS-S-BLAN-N3OFF226,CHATEU LOS BOLDOS S. BLANC,VINOS Y ESPUMANTES,UN,INSUMO,0,10,NO,SI
CHOCLO-CONGELADO-N3OFF156,CHOCLO CONGELADO,CONGELADOS,KG,INSUMO,0,4,NO,SI
CHOCOLATE-VOLCAN-N3OFF345,CHOCOLATE VOLCAN,Abarrotes,KG,INSUMO,0,3,NO,SI
CHOLGAS-DN3OFF14,CHOLGAS,Pescados y Mariscos,KG,INSUMO,0,10,SI,SI
CHORITOS-DN3OFF15,CHORITOS,Pescados y Mariscos,KG,INSUMO,0,10,SI,SI
CHORITOS-LIMPIOS-13046744,CHORITOS LIMPIOS,Pescados y Mariscos,KG,INSUMO,0,0,SI,SI
CHORIZOS-N3OFF382,CHORIZOS,Carnes y Aves,KG,INSUMO,0,2,SI,SI
CHORO-MALTON-DN3OFF16,CHORO MALTON,Pescados y Mariscos,KG,INSUMO,0,10,SI,SI
CIBOULETTE-N3OFF187,CIBOULETTE,Frutas y Verduras,UN,INSUMO,0,5,NO,SI
CIF-BANOS-34639802,CIF BANOS,Aseo,L,NO_ALIMENTARIO,0,1,NO,SI
CILANTRO-N3OFF188,CILANTRO,Frutas y Verduras,UN,INSUMO,0,10,NO,SI
CLAVO-DE-OLOR-N3OFF346,CLAVO DE OLOR,Abarrotes,KG,INSUMO,0,1,NO,SI
CLORO-DN3OFF58,CLORO,Aseo,L,NO_ALIMENTARIO,0,5,NO,SI
COCHAYUYO-ENTERO-N3OFF189,COCHAYUYO ENTERO,Pescados y Mariscos,UN,INSUMO,0,4,SI,SI
COCHAYUYO-PORCION-N3OFF190,COCHAYUYO PORCIÓN,Pescados y Mariscos,UN,INSUMO,0,40,SI,SI
COFIAS-BLANCAS-N3OFF125,COFIAS BLANCAS,Aseo,UN,NO_ALIMENTARIO,0,100,NO,SI
COINTREAU-N3OFF269,COINTREAU,DESTILADOS Y LICORES,UN,INSUMO,0,1,NO,SI
CONAC-3-PALOS-N3OFF267,CONAC 3 PALOS,DESTILADOS Y LICORES,UN,INSUMO,0,3,NO,SI
CONAC-HENNESSEY-N3OFF268,CONAC HENNESSEY,DESTILADOS Y LICORES,UN,INSUMO,0,1,NO,SI
CONCENTRADO-TOMATE-N3OFF155,CONCENTRADO TOMATE,Abarrotes,KG,INSUMO,0,3,NO,SI
CONGRIO-CALDILLO-DN3OFF17,CONGRIO CALDILLO,Pescados y Mariscos,KG,INSUMO,0,6,SI,SI
CONGRIO-CALUGAS-08268806,CONGRIO CALUGAS,Pescados y Mariscos,KG,INSUMO,0,0,SI,SI
CONGRIO-FILETE-PLANCHA-DN3OFF18,CONGRIO FILETE (PLANCHA),Pescados y Mariscos,UN,INSUMO,0,15,SI,SI
CONGRIO-FRESCO-DN3OFF19,CONGRIO FRESCO,Pescados y Mariscos,KG,INSUMO,0,15,SI,SI
CONGRIO-HGT-DN3OFF20,CONGRIO HGT,Pescados y Mariscos,KG,INSUMO,0,20,SI,SI
CONGRIO-MEDALLON-FRITO-DN3OFF21,CONGRIO MEDALLON (FRITO),Pescados y Mariscos,UN,INSUMO,0,20,SI,SI
CORRALILLO-PINOT-N3OFF310,CORRALILLO PINOT,VINOS Y ESPUMANTES,UN,INSUMO,0,6,NO,SI
CORRALILLO-S-BLANC-N3OFF309,CORRALILLO S. BLANC,VINOS Y ESPUMANTES,UN,INSUMO,0,6,NO,SI
CORVINA-DN3OFF22,CORVINA,Pescados y Mariscos,UN,INSUMO,0,30,SI,SI
CREMA-CHANTILLI-N3OFF374,CREMA CHANTILLI,Lácteos,UN,INSUMO,0,2,NO,SI
CREMA-DE-CASSIS-MITJANS-N3OFF266,CREMA DE CASSIS MITJANS,DESTILADOS Y LICORES,UN,INSUMO,0,2,NO,SI
CREMA-DE-LECHE-DN3OFF67,CREMA DE LECHE,Lácteos,UN,INSUMO,0,2,NO,SI
CREMA-DE-MARISCOS-N3OFF347,CREMA DE MARISCOS,Abarrotes,UN,INSUMO,0,20,SI,SI
CRISTAL-DN3OFF87,CRISTAL,BEBIDAS ALCOHOLICAS,UN,INSUMO,0,1,NO,SI
CRISTAL-CERO-DN3OFF88,CRISTAL CERO,BEBIDAS ALCOHOLICAS,UN,INSUMO,0,1,NO,SI
DESODORANTE-AMBIENTAL-61389390,DESODORANTE AMBIENTAL,Aseo,UN,NO_ALIMENTARIO,0,0,NO,SI
DIENTE-DE-DRAGON-46836373,DIENTE DE DRAGON,Frutas y Verduras,KG,INSUMO,0,0,NO,SI
DRAMBUI-N3OFF270,DRAMBUI,DESTILADOS Y LICORES,UN,INSUMO,0,1,NO,SI
ENDULZANTE-LIQUIDO-N3OFF348,ENDULZANTE LIQUIDO,Abarrotes,UN,INSUMO,0,1,NO,SI
ENDULZANTE-SACHET-N3OFF349,ENDULZANTE SACHET,Abarrotes,UN,INSUMO,0,100,NO,SI
ERIZOS-59168946,ERIZOS,Pescados y Mariscos,KG,INSUMO,0,0,SI,SI
ESCOBILLONES-N3OFF250,ESCOBILLONES,Aseo,UN,NO_ALIMENTARIO,0,2,NO,SI
ESPINACA-N3OFF191,ESPINACA,Frutas y Verduras,UN,INSUMO,0,10,NO,SI
FERNET-BRANCA-N3OFF272,FERNET BRANCA,DESTILADOS Y LICORES,UN,INSUMO,0,1,NO,SI
FIDEOS-N3OFF157,FIDEOS,Abarrotes,KG,INSUMO,0,5,NO,SI
FILETE-DESPUNTE-35554548,FILETE DESPUNTE,Carnes y Aves,KG,INSUMO,0,0,SI,SI
FILETE-ENTERO-N3OFF135,FILETE ENTERO,Carnes y Aves,KG,INSUMO,0,0,SI,SI
FILETE-X-300-G-N3OFF136,FILETE X 300 G,Carnes y Aves,UN,INSUMO,0,25,SI,SI
POLLO-FILETITOS-07832312,POLLO FILETITOS,Carnes y Aves,KG,INSUMO,0,0,SI,SI
FLORES-COMESTIBLES-N3OFF372,FLORES COMESTIBLES,Frutas y Verduras,UN,INSUMO,0,6,NO,SI
FRANGELICO-N3OFF271,FRANGELICO,DESTILADOS Y LICORES,UN,INSUMO,0,1,NO,SI
FRUTILLAS-N3OFF192,FRUTILLAS,Frutas y Verduras,KG,INSUMO,0,1,NO,SI
GAS-BUTANO-63548954,GAS BUTANO,Aseo,UN,NO_ALIMENTARIO,0,3,NO,SI
GIN-BEEFEATER-N3OFF274,GIN BEEFEATER,DESTILADOS Y LICORES,UN,INSUMO,0,1,NO,SI
GIN-TANQUERAY-N3OFF275,GIN TANQUERAY,DESTILADOS Y LICORES,UN,INSUMO,0,1,NO,SI
GRANADINA-N3OFF273,GRANADINA,DESTILADOS Y LICORES,UN,INSUMO,0,2,NO,SI
GUANTES-L-N3OFF128,GUANTES L,Aseo,UN,NO_ALIMENTARIO,0,1,NO,SI
GUANTES-M-N3OFF127,GUANTES M,Aseo,UN,NO_ALIMENTARIO,0,1,NO,SI
GUANTES-S-N3OFF126,GUANTES S,Aseo,UN,NO_ALIMENTARIO,0,1,NO,SI
HARINA-SIN-POLVO-N3OFF158,HARINA SIN POLVO,Panadería,KG,INSUMO,0,20,NO,SI
HEINEKEN-DN3OFF89,HEINEKEN,BEBIDAS ALCOHOLICAS,UN,INSUMO,0,1,NO,SI
HELADO-CHOCOLATE-N3OFF142,HELADO CHOCOLATE,HELADOS Y HIELO,UN,INSUMO,0,2,NO,SI
HELADO-FRUTOS-ROJOS-N3OFF143,HELADO FRUTOS ROJOS,HELADOS Y HIELO,UN,INSUMO,0,2,NO,SI
HELADO-VAINILLA-N3OFF144,HELADO VAINILLA,HELADOS Y HIELO,UN,INSUMO,0,5,NO,SI
HIELO-N3OFF223,HIELO,HELADOS Y HIELO,UN,INSUMO,0,90,NO,SI
HUESOS-N3OFF137,HUESOS,Carnes y Aves,KG,INSUMO,0,10,SI,SI
HUEVOS-BLANCOS-DN3OFF64,HUEVOS BLANCOS,Huevos,UN,INSUMO,0,6,NO,SI
HUEVOS-COLOR-DN3OFF65,HUEVOS COLOR,Huevos,UN,INSUMO,0,6,NO,SI
INFUSION-BIENESTAR-N3OFF333,INFUSIÓN BIENESTAR,Abarrotes,UN,INSUMO,0,1,NO,SI
INFUSION-RELAJANTE-17622233,INFUSIÓN RELAJANTE,Abarrotes,KG,INSUMO,0,1,NO,SI
JABON-DESINFECTANTE-COCI-N3OFF129,JABON DESINFECTANTE COCINA,Aseo,L,NO_ALIMENTARIO,0,5,NO,SI
JAGERMEISTER-N3OFF276,JAGERMEISTER,DESTILADOS Y LICORES,UN,INSUMO,0,1,NO,SI
JALEA-SIN-SABOR-N3OFF351,JALEA SIN SABOR,Abarrotes,UN,INSUMO,0,1,NO,SI
JAMESON-N3OFF277,JAMESON,DESTILADOS Y LICORES,UN,INSUMO,0,1,NO,SI
JAMON-ARTESANAL-38665395,JAMON ARTESANAL,Carnes y Aves,KG,INSUMO,0,0,SI,SI
JENGIBRE-N3OFF193,JENGIBRE,Frutas y Verduras,UN,INSUMO,0,1,NO,SI
JEREZ-TIO-PEPE-N3OFF278,JEREZ TIO PEPE,DESTILADOS Y LICORES,UN,INSUMO,0,1,NO,SI
JEREZ-ZALAMERO-N3OFF279,JEREZ ZALAMERO,DESTILADOS Y LICORES,UN,INSUMO,0,1,NO,SI
JUGO-DE-NARANJA-17189996,JUGO DE NARANJA,PULPAS Y JUGOS,L,INSUMO,0,1,NO,SI
JUGO-DE-TOMATE-N3OFF352,JUGO DE TOMATE,PULPAS Y JUGOS,UN,INSUMO,0,4,NO,SI
JUREL-EN-CONSERVA-60993857,JUREL EN CONSERVA,Abarrotes,UN,INSUMO,0,0,NO,SI
KEM-PINA-DN3OFF76,KEM PIÑA,Aguas y Bebidas,UN,INSUMO,0,4,NO,SI
KETCHUP-N3OFF350,KETCHUP,Abarrotes,UN,INSUMO,0,2,NO,SI
KUNSTMANN-LAGER-DN3OFF90,KUNSTMANN LAGER,BEBIDAS ALCOHOLICAS,UN,INSUMO,0,1,NO,SI
KUNSTMANN-MIEL-DN3OFF91,KUNSTMANN MIEL,BEBIDAS ALCOHOLICAS,UN,INSUMO,0,1,NO,SI
KUNSTMANN-SIN-ALCOHOL-DN3OFF92,KUNSTMANN SIN ALCOHOL,BEBIDAS ALCOHOLICAS,UN,INSUMO,0,1,NO,SI
KUNSTMANN-SIN-FILTRAR-DN3OFF93,KUNSTMANN SIN FILTRAR,BEBIDAS ALCOHOLICAS,UN,INSUMO,0,1,NO,SI
KUNSTMANN-TOROBAYO-DN3OFF94,KUNSTMANN TOROBAYO,BEBIDAS ALCOHOLICAS,UN,INSUMO,0,2,NO,SI
LANGOSTINOS-DN3OFF24,LANGOSTINOS,Pescados y Mariscos,KG,INSUMO,0,2,SI,SI
LANGOSTINOS-PORCION-94134415,LANGOSTINOS PORCIÓN,Pescados y Mariscos,UN,INSUMO,0,0,SI,SI
LAUREL-N3OFF353,LAUREL,Abarrotes,UN,INSUMO,0,1,NO,SI
LAVALOZA-N3OFF251,LAVALOZA,Aseo,L,NO_ALIMENTARIO,0,15,NO,SI
LECHE-DE-ALMENDRAS-PRI-N3OFF375,LECHE DE ALMENDRAS (PRI),Lácteos,UN,INSUMO,0,1,NO,SI
LECHE-DESCREMADA-O-SIN-L-48334875,LECHE DESCREMADA O SIN LACTOSA,Lácteos,UN,INSUMO,0,0,NO,SI
LECHE-ENTERA-DN3OFF66,LECHE ENTERA,Lácteos,UN,INSUMO,0,5,NO,SI
LECHE-EVAPORADA-N3OFF159,LECHE EVAPORADA,Abarrotes,UN,INSUMO,0,5,NO,SI
LECHE-PROTEINA-SEBAS-N3OFF376,LECHE PROTEINA (SEBAS),Lácteos,UN,INSUMO,0,6,NO,SI
LECHUGA-ESCAROLA-PERSONA-N3OFF194,LECHUGA ESCAROLA PERSONAL,Frutas y Verduras,UN,INSUMO,0,2,NO,SI
LECHUGA-ROBLE-HIDROPONIC-N3OFF196,LECHUGA ROBLE HIDROPONICA,Frutas y Verduras,UN,INSUMO,0,3,NO,SI
LENTEJAS-N3OFF160,LENTEJAS,Abarrotes,KG,INSUMO,0,2,NO,SI
LEYDA-RESERVA-CHARDONNAY-DN3OFF99,LEYDA RESERVA CHARDONNAY,VINOS Y ESPUMANTES,UN,INSUMO,0,0,NO,SI
LEYDA-RESERVA-MERLOT-17197205,LEYDA RESERVA MERLOT,VINOS Y ESPUMANTES,UN,INSUMO,0,0,NO,SI
LEYDA-RESERVA-PINOT-N3OFF100,LEYDA RESERVA PINOT,VINOS Y ESPUMANTES,UN,INSUMO,0,6,NO,SI
LEYDA-RESERVA-S-BLANC-N3OFF101,LEYDA RESERVA S. BLANC,VINOS Y ESPUMANTES,UN,INSUMO,0,6,NO,SI
LICOR-CACAO-MITJANS-N3OFF281,LICOR CACAO MITJANS,DESTILADOS Y LICORES,UN,INSUMO,0,2,NO,SI
LICOR-CAFE-MITJANS-N3OFF282,LICOR CAFÉ MITJANS,DESTILADOS Y LICORES,UN,INSUMO,0,2,NO,SI
LICOR-DE-ANIS-N3OFF280,LICOR DE ANIS,DESTILADOS Y LICORES,UN,INSUMO,0,1,NO,SI
LICOR-DE-MANZANILLA-CASA-N3OFF119,LICOR DE MANZANILLA CASA,DESTILADOS Y LICORES,UN,INSUMO,0,1,NO,SI
LICOR-DE-MENTA-CASA-N3OFF120,LICOR DE MENTA CASA,DESTILADOS Y LICORES,UN,INSUMO,0,10,NO,SI
LIMON-SODA-DN3OFF77,LIMÓN SODA,Aguas y Bebidas,UN,INSUMO,0,4,NO,SI
LIMON-SUTIL-N3OFF197,LIMÓN SUTIL,Frutas y Verduras,KG,INSUMO,0,10,NO,SI
LIMONES-JUGO-N3OFF373,LIMONES JUGO,Frutas y Verduras,UN,INSUMO,0,6,NO,SI
LOCOS-FRASCOS-DN3OFF25,LOCOS FRASCOS,Pescados y Mariscos,UN,INSUMO,0,12,SI,SI
LOCOS-FRESCOS-ENTRADA-GA-DN3OFF26,LOCOS FRESCOS ENTRADA GALLINA,Pescados y Mariscos,UN,INSUMO,0,0,SI,SI
LOCOS-PARA-PICAR-SALSA-DN3OFF27,LOCOS PARA PICAR (SALSA),Pescados y Mariscos,UN,INSUMO,0,4,SI,SI
LOMO-LISO-ENTERO-N3OFF138,LOMO LISO ENTERO,Carnes y Aves,KG,INSUMO,0,0,SI,SI
LOMO-LISO-PORCION-N3OFF139,LOMO LISO PORCIÓN,Carnes y Aves,UN,INSUMO,0,15,SI,SI
LUSTRA-MUEBLES-N3OFF252,LUSTRA MUEBLES,Aseo,L,NO_ALIMENTARIO,0,5,NO,SI
MACHAS-1-2-CONCHA-DN3OFF28,MACHAS 1/2 CONCHA,Pescados y Mariscos,UN,INSUMO,0,100,SI,SI
MACHAS-LENGUA-DN3OFF30,MACHAS LENGUA,Pescados y Mariscos,KG,INSUMO,0,50,SI,SI
MAICENA-N3OFF161,MAICENA,Abarrotes,KG,INSUMO,0,3,NO,SI
MANJAR-DN3OFF68,MANJAR,Lácteos,KG,INSUMO,0,6,NO,SI
MANTEQUILLA-DN3OFF69,MANTEQUILLA,Lácteos,KG,INSUMO,0,2,NO,SI
MANZANAS-N3OFF198,MANZANAS,Frutas y Verduras,KG,INSUMO,0,2,NO,SI
MARTINI-BIANCO-N3OFF283,MARTINI BIANCO,DESTILADOS Y LICORES,UN,INSUMO,0,2,NO,SI
MARTINI-DRY-N3OFF284,MARTINI DRY,DESTILADOS Y LICORES,UN,INSUMO,0,2,NO,SI
MARTINI-ROSSO-N3OFF285,MARTINI ROSSO,DESTILADOS Y LICORES,UN,INSUMO,0,2,NO,SI
MASAS-DE-13-CM-N3OFF113,MASAS DE 13 CM,Panadería,UN,INSUMO,0,8,NO,SI
MAYONESA-2K-N3OFF162,MAYONESA (2K),Abarrotes,UN,INSUMO,0,12,NO,SI
MENTA-FRESCA-N3OFF199,MENTA FRESCA,Frutas y Verduras,KG,INSUMO,0,0,NO,SI
MENTA-MARIE-BRIZARD-N3OFF286,MENTA MARIE BRIZARD,DESTILADOS Y LICORES,UN,INSUMO,0,1,NO,SI
MERQUEN-N3OFF354,MERQUÉN,Abarrotes,KG,INSUMO,0,1,NO,SI
MIEL-N3OFF355,MIEL,Abarrotes,UN,INSUMO,0,1,NO,SI
MIX-VERDE-MIZUNA-N3OFF200,MIX VERDE MIZUNA,Frutas y Verduras,UN,INSUMO,0,2,NO,SI
MONDADIENTES-N3OFF330,MONDADIENTES,Aseo,UN,NO_ALIMENTARIO,0,2,NO,SI
MONTE-OUTER-LIMITS-S-BLA-N3OFF234,MONTE OUTER LIMITS S. BLANC,VINOS Y ESPUMANTES,UN,INSUMO,0,12,NO,SI
MONTES-ALPHA-CABERNET-N3OFF230,MONTES ALPHA CABERNET,VINOS Y ESPUMANTES,UN,INSUMO,0,6,NO,SI
MONTES-ALPHA-CARMENERE-N3OFF231,MONTES ALPHA CARMENERE,VINOS Y ESPUMANTES,UN,INSUMO,0,6,NO,SI
MONTES-ALPHA-CHARDONNAY-N3OFF232,MONTES ALPHA CHARDONNAY,VINOS Y ESPUMANTES,UN,INSUMO,0,6,NO,SI
MONTES-ALPHA-MERLOT-N3OFF233,MONTES ALPHA MERLOT,VINOS Y ESPUMANTES,UN,INSUMO,0,6,NO,SI
MONTES-CLASSIC-SERIES-CH-N3OFF229,MONTES CLASSIC SERIES CHARDONNAY,VINOS Y ESPUMANTES,UN,INSUMO,0,6,NO,SI
MONTES-CLASSIC-SERIES-S--N3OFF228,MONTES CLASSIC SERIES S. BLANC,VINOS Y ESPUMANTES,UN,INSUMO,0,6,NO,SI
MONTGRAS-ANTU-CABERNET-N3OFF235,MONTGRAS ANTU CABERNET,VINOS Y ESPUMANTES,UN,INSUMO,0,6,NO,SI
MONTGRAS-ANTU-CARMENERE-N3OFF236,MONTGRAS ANTU CARMENERE,VINOS Y ESPUMANTES,UN,INSUMO,0,6,NO,SI
MONTGRAS-DAY-ONE-CHARDON-N3OFF238,MONTGRAS DAY ONE CHARDONNAY,VINOS Y ESPUMANTES,UN,INSUMO,0,6,NO,SI
MONTGRAS-DAY-ONE-S-BLANC-N3OFF237,MONTGRAS DAY ONE S. BLANC,VINOS Y ESPUMANTES,UN,INSUMO,0,6,NO,SI
MOSTAZA-N3OFF356,MOSTAZA,Abarrotes,UN,INSUMO,0,2,NO,SI
MOSTAZA-ANTIGUA-N3OFF357,MOSTAZA ANTIGUA,Abarrotes,UN,INSUMO,0,1,NO,SI
MOSTAZA-DIJON-N3OFF358,MOSTAZA DIJON,Abarrotes,UN,INSUMO,0,1,NO,SI
NARANJAS-N3OFF201,NARANJAS,Frutas y Verduras,KG,INSUMO,0,2,NO,SI
NAVAJUELAS-DN3OFF31,NAVAJUELAS,Pescados y Mariscos,KG,INSUMO,0,50,SI,SI
NUEZ-MOSCADA-N3OFF359,NUEZ MOSCADA,Abarrotes,UN,INSUMO,0,1,NO,SI
ORANGE-CRUSH-DN3OFF78,ORANGE CRUSH,Aguas y Bebidas,UN,INSUMO,0,4,NO,SI
OSTION-A-GRANEL-BOLSA-DN3OFF32,OSTIÓN A GRANEL BOLSA,Pescados y Mariscos,KG,INSUMO,0,1,SI,SI
OSTION-CONCHA-DN3OFF33,OSTIÓN CONCHA,Pescados y Mariscos,UN,INSUMO,0,40,SI,SI
PAD-ROJO-DN3OFF60,PAD ROJO,Aseo,UN,NO_ALIMENTARIO,0,2,NO,SI
PALA-N3OFF253,PALA,Aseo,UN,NO_ALIMENTARIO,0,2,NO,SI
PALANCA-ENTERA-N3OFF140,PALANCA ENTERA,Carnes y Aves,KG,INSUMO,0,0,SI,SI
PALANCA-PORCION-N3OFF141,PALANCA PORCIÓN,Carnes y Aves,UN,INSUMO,0,10,SI,SI
PALMITOS-ENTEROS-800-G-S-N3OFF163,PALMITOS ENTEROS 800 G SUPERMERCADO,Abarrotes,UN,INSUMO,0,12,NO,SI
PALTA-FIRME-N3OFF202,PALTA FIRME,Frutas y Verduras,KG,INSUMO,0,1,NO,SI
PAN-CLIENTES-N3OFF246,PAN CLIENTES,Panadería,KG,INSUMO,0,0,NO,SI
PAN-RALLADO-N3OFF247,PAN RALLADO,Panadería,KG,INSUMO,0,0,NO,SI
PANKO-BLANCO-N3OFF164,PANKO BLANCO,Panadería,KG,INSUMO,0,10,NO,SI
PANOS-SPONGI-N3OFF255,PANOS SPONGI,Aseo,UN,NO_ALIMENTARIO,0,3,NO,SI
PANOS-AMARILLO-DN3OFF59,PANOS AMARILLO,Aseo,UN,NO_ALIMENTARIO,0,1,NO,SI
PAP-DN3OFF79,PAP,Aguas y Bebidas,UN,INSUMO,0,4,NO,SI
PAPAS-CAMOTE-N3OFF203,PAPAS CAMOTE,Frutas y Verduras,KG,INSUMO,0,1,NO,SI
PAPAS-CON-PIEL-N3OFF204,PAPAS CON PIEL,Frutas y Verduras,KG,INSUMO,0,3,NO,SI
PAPAS-FRITAS-N3OFF165,PAPAS FRITAS,CONGELADOS,UN,INSUMO,0,30,NO,SI
PAPAYAS-N3OFF116,PAPAYAS,Abarrotes,UN,INSUMO,0,4,NO,SI
PAPEL-ALUMINIO-N3OFF130,PAPEL ALUMINIO,Aseo,UN,NO_ALIMENTARIO,0,1,NO,SI
PAPEL-HIGIENICO-DN3OFF61,PAPEL HIGIENICO,Aseo,UN,NO_ALIMENTARIO,0,4,NO,SI
PASTA-DE-HUEVO-N3OFF114,PASTA DE HUEVO,Panadería,UN,INSUMO,0,200,NO,SI
PASTELERA-DE-CHOCLO-N3OFF166,PASTELERA DE CHOCLO,CONGELADOS,KG,INSUMO,0,2,NO,SI
PASTILLAS-HORNO-N3OFF175,PASTILLAS HORNO,Aseo,UN,NO_ALIMENTARIO,0,0,NO,SI
PECHUGA-DE-PAVO-DN3OFF47,PECHUGA DE PAVO,Carnes y Aves,KG,INSUMO,0,0,SI,SI
PECHUGA-DE-POLLO-DN3OFF48,PECHUGA DE POLLO,Carnes y Aves,UN,INSUMO,0,2,SI,SI
PEJERREY-DN3OFF34,PEJERREY,Pescados y Mariscos,UN,INSUMO,0,0,SI,SI
PEPINO-ENSALADA-N3OFF205,PEPINO ENSALADA,Frutas y Verduras,UN,INSUMO,0,10,NO,SI
PEPSI-DN3OFF80,PEPSI,Aguas y Bebidas,UN,INSUMO,0,4,NO,SI
PEPSI-ZERO-DN3OFF81,PEPSI ZERO,Aguas y Bebidas,UN,INSUMO,0,5,NO,SI
PEREJIL-N3OFF206,PEREJIL,Frutas y Verduras,UN,INSUMO,0,10,NO,SI
PICKLES-N3OFF207,PICKLES,Frutas y Verduras,KG,INSUMO,0,10,NO,SI
PIMENTON-AMARILLO-N3OFF208,PIMENTÓN AMARILLO,Frutas y Verduras,UN,INSUMO,0,10,NO,SI
PIMENTON-ROJO-N3OFF209,PIMENTÓN ROJO,Frutas y Verduras,UN,INSUMO,0,10,NO,SI
PIMENTON-VERDE-N3OFF210,PIMENTÓN VERDE,Frutas y Verduras,UN,INSUMO,0,10,NO,SI
PIMIENTA-ENTERA-N3OFF360,PIMIENTA ENTERA,Abarrotes,UN,INSUMO,0,1,NO,SI
PIMIENTA-MOLIDA-N3OFF361,PIMIENTA MOLIDA,Abarrotes,UN,INSUMO,0,1,NO,SI
PINO-MARISCOS-EMPANADAS-93450778,PINO MARISCOS (EMPANADAS),Pescados y Mariscos,KG,INSUMO,0,2,SI,SI
PINZAS-DE-JAIBA-DN3OFF35,PINZAS DE JAIBA,Pescados y Mariscos,KG,INSUMO,0,1,SI,SI
PISCO-ALTO-DEL-CARMEN-35-N3OFF287,PISCO ALTO DEL CARMEN 35,DESTILADOS Y LICORES,UN,INSUMO,0,3,NO,SI
PISCO-ALTO-DEL-CARMEN-40-N3OFF288,PISCO ALTO DEL CARMEN 40,DESTILADOS Y LICORES,UN,INSUMO,0,3,NO,SI
PISCO-BARSOL-N3OFF289,PISCO BARSOL,DESTILADOS Y LICORES,UN,INSUMO,0,2,NO,SI
PISCO-BOU-BARROETA-MARIA-N3OFF239,PISCO BOU BARROETA MARIAS,DESTILADOS Y LICORES,UN,INSUMO,0,2,NO,SI
PISCO-CAMPANARIO-40-N3OFF121,PISCO CAMPANARIO 40,DESTILADOS Y LICORES,UN,INSUMO,0,7,NO,SI
PISCO-MISTRAL-35-N3OFF110,PISCO MISTRAL 35,DESTILADOS Y LICORES,UN,INSUMO,0,1,NO,SI
PISCO-MISTRAL-40-N3OFF111,PISCO MISTRAL 40,DESTILADOS Y LICORES,UN,INSUMO,0,1,NO,SI
PISCO-MISTRAL-NOBEL-N3OFF112,PISCO MISTRAL NOBEL,DESTILADOS Y LICORES,UN,INSUMO,0,1,NO,SI
PISCO-TABERNERO-N3OFF290,PISCO TABERNERO,DESTILADOS Y LICORES,UN,INSUMO,0,2,NO,SI
PLATANOS-N3OFF211,PLÁTANOS,Frutas y Verduras,KG,INSUMO,0,1,NO,SI
POROTOS-N3OFF167,POROTOS,Abarrotes,KG,INSUMO,0,2,NO,SI
PUERRO-N3OFF212,PUERRO,Frutas y Verduras,UN,INSUMO,0,4,NO,SI
PULPA-FRUTILLA-DN3OFF44,PULPA FRUTILLA,PULPAS Y JUGOS,UN,INSUMO,0,10,NO,SI
PULPA-MANGO-DN3OFF45,PULPA MANGO,PULPAS Y JUGOS,UN,INSUMO,0,10,NO,SI
PULPA-PINA-DN3OFF46,PULPA PIÑA,PULPAS Y JUGOS,UN,INSUMO,0,10,NO,SI
PULPO-DN3OFF36,PULPO,Pescados y Mariscos,KG,INSUMO,0,2,SI,SI
PULPO-PORCION-07729694,PULPO PORCIÓN,Pescados y Mariscos,UN,INSUMO,0,0,SI,SI
QUESO-CREMA-N3OFF168,QUESO CREMA,Lácteos,KG,INSUMO,0,1,NO,SI
QUESO-DE-CABRA-N3OFF242,QUESO DE CABRA,Lácteos,KG,INSUMO,0,2,NO,SI
QUESO-EMMENTAL-N3OFF377,QUESO EMMENTAL,Lácteos,UN,INSUMO,0,1,NO,SI
QUESO-LAMINADO-N3OFF240,QUESO LAMINADO,Lácteos,KG,INSUMO,0,1,NO,SI
QUESO-MANTECOSO-N3OFF241,QUESO MANTECOSO,Lácteos,KG,INSUMO,0,8,NO,SI
QUESO-MOZARELLA-N3OFF378,QUESO MOZARELLA,Lácteos,KG,INSUMO,0,2,NO,SI
QUESO-PARMESANOOOOOOOOO--N3OFF243,QUESO PARMESANOOOOOOOOO REGGIANITO,Lácteos,KG,INSUMO,0,2,NO,SI
QUESO-RALLADO-X-2-K-N3OFF244,QUESO RALLADO X 2 K,Lácteos,KG,INSUMO,0,10,NO,SI
QUINOA-BLANCA-N3OFF169,QUINOA BLANCA,Abarrotes,KG,INSUMO,0,1,NO,SI
QUINOA-NEGRA-N3OFF171,QUINOA NEGRA,Abarrotes,KG,INSUMO,0,1,NO,SI
QUINOA-ROJA-N3OFF170,QUINOA ROJA,Abarrotes,KG,INSUMO,0,1,NO,SI
RAMAZZOTTI-N3OFF105,RAMAZZOTTI,DESTILADOS Y LICORES,UN,INSUMO,0,6,NO,SI
REINETA-ENTERA-DN3OFF37,REINETA ENTERA,Pescados y Mariscos,KG,INSUMO,0,20,SI,SI
REINETA-FILETE-DN3OFF38,REINETA FILETE,Pescados y Mariscos,UN,INSUMO,0,20,SI,SI
ROLLOS-TERMICOS-39739896,ROLLOS TERMICOS,Aseo,UN,NO_ALIMENTARIO,0,0,NO,SI
RON-BLANCO-BARCELO-N3OFF292,RON BLANCO BARCELO,DESTILADOS Y LICORES,UN,INSUMO,0,6,NO,SI
RON-HABANA-CLUB-3-ANOS-B-N3OFF106,RON HABANA CLUB 3 ANOS BLANCO,DESTILADOS Y LICORES,UN,INSUMO,0,3,NO,SI
RON-HABANA-CLUB-7-ANOS-N3OFF107,RON HABANA CLUB 7 ANOS,DESTILADOS Y LICORES,UN,INSUMO,0,1,NO,SI
RON-HABANA-CLUB-RESERVA-N3OFF108,RON HABANA CLUB RESERVA,DESTILADOS Y LICORES,UN,INSUMO,0,2,NO,SI
RON-HABANA-CLUB-RESERVA--N3OFF109,RON HABANA CLUB RESERVA ESPECIAL,DESTILADOS Y LICORES,UN,INSUMO,0,2,NO,SI
RUCULA-N3OFF213,RUCULA,Frutas y Verduras,UN,INSUMO,0,2,NO,SI
SAL-N3OFF172,SAL,Abarrotes,KG,INSUMO,0,10,NO,SI
VIENESAS-39209524,VIENESAS,Carnes y Aves,KG,INSUMO,0,0,SI,SI
SALMON-ENTERO-AL-VACIO-61035029,SALMÓN ENTERO (AL VACIO),Pescados y Mariscos,KG,INSUMO,0,0,SI,SI
SALMON-FILETE-PORCION-DN3OFF40,SALMÓN FILETE PORCIÓN,Pescados y Mariscos,UN,INSUMO,0,35,SI,SI
SALMON-FRESCO-ENTERO-DN3OFF39,SALMÓN FRESCO ENTERO,Pescados y Mariscos,KG,INSUMO,0,15,SI,SI
SALMON-PERLITAS-Y-RAVIOL-28712578,SALMÓN PERLITAS Y RAVIOLES,Pescados y Mariscos,UN,INSUMO,0,0,SI,SI
SALSA-DE-OSTRAS-N3OFF362,SALSA DE OSTRAS,Abarrotes,UN,INSUMO,0,2,SI,SI
SALSA-DE-SOYA-34399923,SALSA DE SOYA,Abarrotes,KG,INSUMO,0,0,NO,SI
SALSA-INGLESA-N3OFF363,SALSA INGLESA,Abarrotes,UN,INSUMO,0,1,NO,SI
SEMILLAS-DE-ZAPALLO-62800757,SEMILLAS DE ZAPALLO,Frutas y Verduras,KG,INSUMO,0,0,NO,SI
SERVILLETAS-BLANCAS-N3OFF331,SERVILLETAS BLANCAS,Aseo,UN,NO_ALIMENTARIO,0,4,NO,SI
SERVILLETAS-NEGRAS-N3OFF131,SERVILLETAS NEGRAS,Aseo,UN,NO_ALIMENTARIO,0,25,NO,SI
SESAMO-N3OFF364,SÉSAMO,Abarrotes,KG,INSUMO,0,1,NO,SI
SEVEN-UP-DN3OFF82,SEVEN UP,Aguas y Bebidas,UN,INSUMO,0,4,NO,SI
SOL-DN3OFF95,SOL,BEBIDAS ALCOHOLICAS,UN,INSUMO,0,1,NO,SI
STA-EMA-RESERVA-SIRAH-N3OFF323,STA EMA RESERVA SIRAH,VINOS Y ESPUMANTES,UN,INSUMO,0,4,NO,SI
STA-EMA-CABERNET-RESERVA-N3OFF311,STA. EMA CABERNET RESERVA 3/4,VINOS Y ESPUMANTES,UN,INSUMO,0,6,NO,SI
STA-EMA-CATALINA-3-4-N3OFF312,STA. EMA CATALINA 3/4,VINOS Y ESPUMANTES,UN,INSUMO,0,6,NO,SI
STA-EMA-GRAN-RESERVA-CAB-05984458,STA. EMA GRAN RESERVA CABERNET,VINOS Y ESPUMANTES,UN,INSUMO,0,0,NO,SI
STA-EMA-GRAN-RESERVA-MER-17331237,STA. EMA GRAN RESERVA MERLOT,VINOS Y ESPUMANTES,UN,INSUMO,0,0,NO,SI
STA-EMA-TERROIR-CABERNET-N3OFF318,STA. EMA TERROIR CABERNET 1/2,VINOS Y ESPUMANTES,UN,INSUMO,0,12,NO,SI
STA-EMA-TERROIR-CABERNET-N3OFF317,STA. EMA TERROIR CABERNET 3/4,VINOS Y ESPUMANTES,UN,INSUMO,0,6,NO,SI
STA-EMA-TERROIR-CARMENER-N3OFF320,STA. EMA TERROIR CARMENERE 1/2,VINOS Y ESPUMANTES,UN,INSUMO,0,12,NO,SI
STA-EMA-TERROIR-CARMENER-N3OFF319,STA. EMA TERROIR CARMENERE 3/4,VINOS Y ESPUMANTES,UN,INSUMO,0,6,NO,SI
STA-EMA-TERROIR-CHARDONN-N3OFF316,STA. EMA TERROIR CHARDONNAY 1/2,VINOS Y ESPUMANTES,UN,INSUMO,0,12,NO,SI
STA-EMA-TERROIR-CHARDONN-N3OFF315,STA. EMA TERROIR CHARDONNAY 3/4,VINOS Y ESPUMANTES,UN,INSUMO,0,6,NO,SI
STA-EMA-TERROIR-MERLOT-1-N3OFF322,STA. EMA TERROIR MERLOT 1/2,VINOS Y ESPUMANTES,UN,INSUMO,0,12,NO,SI
STA-EMA-TERROIR-MERLOT-3-N3OFF321,STA. EMA TERROIR MERLOT 3/4,VINOS Y ESPUMANTES,UN,INSUMO,0,6,NO,SI
STA-EMA-TERROIR-S-BLANC--N3OFF314,STA. EMA TERROIR S. BLANC 1/2,VINOS Y ESPUMANTES,UN,INSUMO,0,12,NO,SI
STA-EMA-TERROIR-S-BLANC--N3OFF313,STA. EMA TERROIR S. BLANC 3/4,VINOS Y ESPUMANTES,UN,INSUMO,0,6,NO,SI
SURTIDO-DE-MARISCOS-DN3OFF42,SURTIDO DE MARISCOS,Pescados y Mariscos,KG,INSUMO,0,5,SI,SI
TABASCO-N3OFF365,TABASCO,Abarrotes,UN,INSUMO,0,1,NO,SI
TARAPACA-GRAN-RESERVA-CA-N3OFF102,TARAPACA GRAN RESERVA CABERNET ETIQUETA NEGRA,VINOS Y ESPUMANTES,UN,INSUMO,0,6,NO,SI
TARAPACA-GRAN-RESERVA-CA-N3OFF103,TARAPACA GRAN RESERVA CARMENERE,VINOS Y ESPUMANTES,UN,INSUMO,0,6,NO,SI
TARAPACA-GRAN-RESERVA-ME-N3OFF104,TARAPACA GRAN RESERVA MERLOT,VINOS Y ESPUMANTES,UN,INSUMO,0,4,NO,SI
TE-CHAI-N3OFF335,TÉ CHAI,Abarrotes,UN,INSUMO,0,1,NO,SI
TE-MANZANILLA-N3OFF336,TÉ MANZANILLA,Abarrotes,UN,INSUMO,0,1,NO,SI
TE-NEGRO-N3OFF337,TÉ NEGRO,Abarrotes,UN,INSUMO,0,1,NO,SI
TE-VERDE-N3OFF338,TÉ VERDE,Abarrotes,UN,INSUMO,0,1,NO,SI
TEQUILA-OLMECA-N3OFF294,TEQUILA OLMECA,DESTILADOS Y LICORES,UN,INSUMO,0,2,NO,SI
TOALLA-DE-PAPEL-CORRIENT-N3OFF132,TOALLA DE PAPEL CORRIENTE,Aseo,UN,NO_ALIMENTARIO,0,5,NO,SI
TOALLA-DE-PAPEL-DISPENSA-DN3OFF62,TOALLA DE PAPEL DISPENSADOR,Aseo,UN,NO_ALIMENTARIO,0,4,NO,SI
TOALLAS-DE-CLORO-39762993,TOALLAS DE CLORO,Aseo,UN,NO_ALIMENTARIO,0,0,NO,SI
TOCINO-N3OFF383,TOCINO,Carnes y Aves,UN,INSUMO,0,6,SI,SI
TOMATE-CAJA-N3OFF216,TOMATE CAJA,Frutas y Verduras,KG,INSUMO,0,2,NO,SI
TOMATE-CHERRY-AMARILLO-N3OFF214,TOMATE CHERRY AMARILLO,Frutas y Verduras,KG,INSUMO,0,1,NO,SI
TOMATE-CHERRY-ROJO-N3OFF215,TOMATE CHERRY ROJO,Frutas y Verduras,KG,INSUMO,0,1,NO,SI
TOMATE-DESHIDRATADO-N3OFF217,TOMATE DESHIDRATADO,Frutas y Verduras,KG,INSUMO,0,1,NO,SI
TONICA-DN3OFF83,TONICA,Aguas y Bebidas,UN,INSUMO,0,4,NO,SI
TONICA-ZERO-DN3OFF84,TONICA ZERO,Aguas y Bebidas,UN,INSUMO,0,4,NO,SI
TORTILLAS-BURRERAS-50560670,TORTILLAS BURRERAS,Panadería,UN,INSUMO,0,3,NO,SI
TRAPEROS-DN3OFF63,TRAPEROS,Aseo,UN,NO_ALIMENTARIO,0,4,NO,SI
TRIPLE-SEC-MITJANS-N3OFF293,TRIPLE SEC MITJANS,DESTILADOS Y LICORES,UN,INSUMO,0,2,NO,SI
TRUCHA-DN3OFF43,TRUCHA,Pescados y Mariscos,KG,INSUMO,0,25,SI,SI
TRUTRO-DE-POLLO-DN3OFF49,TRUTRO DE POLLO,Carnes y Aves,UN,INSUMO,0,1,SI,SI
UVAS-N3OFF218,UVAS,Frutas y Verduras,KG,INSUMO,0,1,NO,SI
VAINILLA-LIQUIDA-N3OFF366,VAINILLA LIQUIDA,Abarrotes,UN,INSUMO,0,1,NO,SI
VAINILLA-VAINAS-N3OFF367,VAINILLA VAINAS,Abarrotes,UN,INSUMO,0,6,NO,SI
VINA-MAR-BRUT-1-2-DN3OFF97,VINA MAR BRUT 1/2,VINOS Y ESPUMANTES,UN,INSUMO,0,1,NO,SI
VINA-MAR-BRUT-3-4-DN3OFF96,VINA MAR BRUT 3/4,VINOS Y ESPUMANTES,UN,INSUMO,0,2,NO,SI
VINAGRE-BALSAMICO-N3OFF173,VINAGRE BALSAMICO,Abarrotes,L,INSUMO,0,10,NO,SI
VINAGRE-BLANCO-O-MANZANA-N3OFF174,VINAGRE BLANCO O MANZANA,Abarrotes,L,INSUMO,0,5,NO,SI
VINO-BLANCO-BIDON-N3OFF324,VINO BLANCO BIDON,VINOS Y ESPUMANTES,UN,INSUMO,0,2,NO,SI
VINO-DULCE-CENTENARIO-N3OFF265,VINO DULCE CENTENARIO,DESTILADOS Y LICORES,UN,INSUMO,0,3,NO,SI
VINO-TINTO-BIDON-N3OFF325,VINO TINTO BIDON,VINOS Y ESPUMANTES,UN,INSUMO,0,1,NO,SI
VIRUTILLAS-PARRILLA-N3OFF133,VIRUTILLAS PARRILLA,Aseo,UN,NO_ALIMENTARIO,0,10,NO,SI
VODKA-ABSOLUT-N3OFF295,VODKA ABSOLUT,DESTILADOS Y LICORES,UN,INSUMO,0,1,NO,SI
VODKA-GREY-GOOSE-N3OFF296,VODKA GREY GOOSE,DESTILADOS Y LICORES,UN,INSUMO,0,1,NO,SI
VODKA-STOLISCHNAYA-N3OFF297,VODKA STOLISCHNAYA,DESTILADOS Y LICORES,UN,INSUMO,0,1,NO,SI
WHISKEY-100-PIPERS-N3OFF298,WHISKEY 100 PIPERS,DESTILADOS Y LICORES,UN,INSUMO,0,1,NO,SI
WHISKEY-CHIVAS-REGAL-12--N3OFF299,WHISKEY CHIVAS REGAL 12 ANOS,DESTILADOS Y LICORES,UN,INSUMO,0,1,NO,SI
WHISKEY-CHIVAS-REGAL-18--N3OFF300,WHISKEY CHIVAS REGAL 18 ANOS,DESTILADOS Y LICORES,UN,INSUMO,0,1,NO,SI
WHISKEY-JACK-DANIELS-N3OFF301,WHISKEY JACK DANIELS,DESTILADOS Y LICORES,UN,INSUMO,0,1,NO,SI
WHISKEY-JHONNY-W-NEGRO-N3OFF303,WHISKEY JHONNY W. NEGRO,DESTILADOS Y LICORES,UN,INSUMO,0,1,NO,SI
WHISKEY-JHONNY-W-ROJO-N3OFF302,WHISKEY JHONNY W. ROJO,DESTILADOS Y LICORES,UN,INSUMO,0,1,NO,SI
WHISKEY-JHONNY-W-VERDE-N3OFF304,WHISKEY JHONNY W. VERDE,DESTILADOS Y LICORES,UN,INSUMO,0,1,NO,SI
YODOMIX-N3OFF256,YODOMIX,Aseo,L,NO_ALIMENTARIO,0,5,NO,SI
YOGUR-KEFIR-PRI-N3OFF381,YOGUR KEFIR ( PRI),Lácteos,UN,INSUMO,0,4,NO,SI
YOGUR-NATURAL-N3OFF380,YOGUR NATURAL,Lácteos,UN,INSUMO,0,4,NO,SI
ZANAHORIAS-N3OFF219,ZANAHORIAS,Frutas y Verduras,KG,INSUMO,0,1,NO,SI
ZAPALLO-CAMOTE-N3OFF221,ZAPALLO CAMOTE,Frutas y Verduras,KG,INSUMO,0,1,NO,SI
ZAPALLO-ITALIANO-N3OFF220,ZAPALLO ITALIANO,Frutas y Verduras,UN,INSUMO,0,20,NO,SI
POLVOS-DE-HORNEAR-21959068,POLVOS DE HORNEAR,Abarrotes,KG,INSUMO,0,0,NO,SI
TRUCHA-PORCION-24110187,TRUCHA PORCIÓN,Pescados y Mariscos,UN,INSUMO,0,0,SI,SI
SALMON-DESPUNTE-14353218,SALMÓN DESPUNTE,Pescados y Mariscos,KG,INSUMO,0,0,SI,SI
MASA-PIZZA-67512678,MASA PIZZA,Panadería,UN,INSUMO,0,0,NO,SI
BASE-PARA-CHUPE-44945491,BASE PARA CHUPE,Pescados y Mariscos,KG,INSUMO,0,0,SI,SI
FILETE-PARA-NINO-21924437,FILETE PARA NINO,Carnes y Aves,UN,INSUMO,0,0,SI,SI
LOMO-PARA-NINO-21959479,LOMO PARA NINO,Carnes y Aves,UN,INSUMO,0,0,SI,SI
SALMON-PARA-NINO-21998254,SALMÓN PARA NINO,Pescados y Mariscos,UN,INSUMO,0,0,SI,SI
REINETA-NUGGETS-22028206,REINETA NUGGETS,Pescados y Mariscos,UN,INSUMO,0,0,SI,SI
POLLO-NUGGETS-22062771,POLLO NUGGETS,Carnes y Aves,UN,INSUMO,0,0,SI,SI
PALANCA-PARA-NINOS-22390199,PALANCA PARA NINOS,Carnes y Aves,UN,INSUMO,0,0,SI,SI
NUEZ-ENTERA-88501511,NUEZ ENTERA,Frutas y Verduras,KG,INSUMO,0,0,NO,SI
MAQUILA-PESCADOS-94672786,MAQUILA PESCADOS,Pescados y Mariscos,KG,INSUMO,0,0,SI,SI
