sku,nombre,proveedor_legacy,id_legacy
1865-CARMENERE-DN3OFF98,1865 CARMENERE,CCU,inv_bdn3_off_98
ACEITE-DE-ALTA-FRITURA-96675368,ACEITE DE ALTA FRITURA,MAR AZUL,inv_1776796675368
ACEITE-DE-OLIVA-N3OFF222,ACEITE DE OLIVA,Patagonia Fruit Spa,inv_bdn3_off_222
ACEITE-MARAVILLA-N3OFF145,ACEITE MARAVILLA,ICB,inv_bdn3_off_145
ACEITUNAS-N3OFF176,ACEITUNAS,LA CHACRA,inv_bdn3_off_176
ACEITUNAS-VERDES-BAR-N3OFF368,ACEITUNAS VERDES (BAR),"FRUTAS, VERDURAS Y HIERBAS",inv_bdn3_off_368
AGUA-BIDON-SIN-GAS-6-LT-DN3OFF72,AGUA BIDON SIN GAS 6 LT,CCU,inv_bdn3_off_72
AGUA-MINERAL-CON-GAS-DN3OFF70,AGUA MINERAL CON GAS,CCU,inv_bdn3_off_70
AGUA-MINERAL-SIN-GAS-DN3OFF71,AGUA MINERAL SIN GAS,CCU,inv_bdn3_off_71
AGUA-PURIFICADA-BIDON-20-N3OFF224,AGUA PURIFICADA BIDON 20 LT,PATAGONIA ICE,inv_bdn3_off_224
AJI-CACHO-CABRA-17246063,AJI CACHO CABRA,EL TRIGAL,inv_1776917246063
AJI-COLOR-N3OFF339,AJI COLOR,"ABARROTES, CONDIMENTOS, ESPECIAS Y SALSAS",inv_bdn3_off_339
AJI-VERDE-N3OFF177,AJI VERDE,LA CHACRA,inv_bdn3_off_177
AJO-N3OFF178,AJO,LA CHACRA,inv_bdn3_off_178
ALBACORA-BDN3OFF0,ALBACORA,,inv_bdn3_off_0
ALBAHACA-N3OFF179,ALBAHACA,LA CHACRA,inv_bdn3_off_179
ALBUMINA-N3OFF257,ALBUMINA,VINOTECA,inv_bdn3_off_257
ALCAPARRAS-N3OFF147,ALCAPARRAS,ICB,inv_bdn3_off_147
ALCOHOL-N3OFF248,ALCOHOL,VIRGINIA,inv_bdn3_off_248
ALCOHOL-GEL-DN3OFF50,ALCOHOL GEL,ASEO TORRES,inv_bdn3_off_50
ALMEJAS-BDN3OFF1,ALMEJAS,,inv_bdn3_off_1
ALMENDRAS-LAMINADAS-O-EN-N3OFF180,ALMENDRAS LAMINADAS O ENTERAS,LA CHACRA,inv_bdn3_off_180
ALUSA-PLAST-N3OFF123,ALUSA PLAST,ENVASES EUROPACK,inv_bdn3_off_123
AMARETTO-CASA-N3OFF117,AMARETTO CASA,DON CARLOS SAAVEDRA,inv_bdn3_off_117
AMARETTO-DISARONNO-N3OFF260,AMARETTO DISARONNO,VINOTECA,inv_bdn3_off_260
AMARGO-ANGOSTURA-N3OFF258,AMARGO ANGOSTURA,VINOTECA,inv_bdn3_off_258
AMONIO-CUATERNARIO-DN3OFF51,AMONIO CUATERNARIO,ASEO TORRES,inv_bdn3_off_51
APALTAGUA-CARMENERE-N3OFF305,APALTAGUA CARMENERE,VINOTECA,inv_bdn3_off_305
APEROL-N3OFF259,APEROL,VINOTECA,inv_bdn3_off_259
APIO-N3OFF181,APIO,LA CHACRA,inv_bdn3_off_181
ARANDANOS-N3OFF182,ARÁNDANOS,LA CHACRA,inv_bdn3_off_182
ARAUCANO-N3OFF261,ARAUCANO,VINOTECA,inv_bdn3_off_261
AROMATIZANTE-LIQUIDO-38612581,AROMATIZANTE LIQUIDO,,inv_1777138612581
ARROZ-ARBORIO-N3OFF148,ARROZ ARBORIO,ICB,inv_bdn3_off_148
ARROZ-BASMATI-N3OFF340,ARROZ BASMATI,"ABARROTES, CONDIMENTOS, ESPECIAS Y SALSAS",inv_bdn3_off_340
ARROZ-G1-N3OFF149,ARROZ G1,ICB,inv_bdn3_off_149
ARVEJAS-CONGELADAS-N3OFF150,ARVEJAS CONGELADAS,ICB,inv_bdn3_off_150
AUSTRAL-CALAFATE-DN3OFF85,AUSTRAL CALAFATE,CCU,inv_bdn3_off_85
AUSTRAL-LAGER-DN3OFF86,AUSTRAL LAGER,CCU,inv_bdn3_off_86
AZUCAR-FLOR-N3OFF152,AZÚCAR FLOR,ICB,inv_bdn3_off_152
AZUCAR-GRANULADA-N3OFF151,AZÚCAR GRANULADA,ICB,inv_bdn3_off_151
AZUCAR-RUBIA-N3OFF153,AZÚCAR RUBIA,ICB,inv_bdn3_off_153
AZUCAR-SACHET-N3OFF341,AZÚCAR SACHET,"ABARROTES, CONDIMENTOS, ESPECIAS Y SALSAS",inv_bdn3_off_341
BAILEYS-N3OFF262,BAILEYS,VINOTECA,inv_bdn3_off_262
BERROS-N3OFF183,BERROS,LA CHACRA,inv_bdn3_off_183
BILZ-DN3OFF73,BILZ,CCU,inv_bdn3_off_73
BIOETANOL-N3OFF122,BIOETANOL,ECOHOGAR,inv_bdn3_off_122
BITTER-ROSARD-CLASICO-N3OFF118,BITTER ROSARD CLASICO,DON CARLOS SAAVEDRA,inv_bdn3_off_118
BOLSA-ASEO-50X70-DN3OFF52,BOLSA ASEO 50X70,ASEO TORRES,inv_bdn3_off_52
BOLSA-ASEO-90X120-DN3OFF54,BOLSA ASEO 90X120,ASEO TORRES,inv_bdn3_off_54
BOLSA-PREPICADO-20X30-DN3OFF55,BOLSA PREPICADO 20X30,ASEO TORRES,inv_bdn3_off_55
BOLSA-PREPICADO-35X50-DN3OFF56,BOLSA PREPICADO 35X50,ASEO TORRES,inv_bdn3_off_56
BOLSAS-PARA-LLEVAR-N3OFF326,BOLSAS PARA LLEVAR,ASEO Y OTROS,inv_bdn3_off_326
BOMBILLAS-N3OFF124,BOMBILLAS,ENVASES EUROPACK,inv_bdn3_off_124
BRIOMIL-DESENGRASANTE-N3OFF249,BRIOMIL DESENGRASANTE,VIRGINIA,inv_bdn3_off_249
BROCOLI-50394674,BRÓCOLI,LA CHACRA,inv_1778250394674
BROTES-N3OFF369,BROTES,"FRUTAS, VERDURAS Y HIERBAS",inv_bdn3_off_369
BULGUR-N3OFF370,BULGUR,"FRUTAS, VERDURAS Y HIERBAS",inv_bdn3_off_370
C10-N3OFF327,C10,ASEO Y OTROS,inv_bdn3_off_327
C20-N3OFF328,C20,ASEO Y OTROS,inv_bdn3_off_328
CACAO-EN-POLVO-77332463,CACAO EN POLVO,EL TRIGAL,inv_1778877332463
CACHAZA-N3OFF263,CACHAZA,VINOTECA,inv_bdn3_off_263
CAFE-EN-SACHET-N3OFF154,CAFÉ EN SACHET,ICB,inv_bdn3_off_154
CAFE-GRANO-N3OFF245,CAFÉ GRANO,SEGAFREDO,inv_bdn3_off_245
CAFE-PERSONAL-N3OFF332,CAFÉ PERSONAL,"CAFÉ, TÉ E INFUSIONES",inv_bdn3_off_332
CALAMAR-BDN3OFF2,CALAMAR,,inv_bdn3_off_2
CALDOSO-Y-SOPA-MARINA-BDN3OFF3,CALDOSO Y SOPA MARINA,,inv_bdn3_off_3
CAMARON-EC-UATORIANO-POR-BDN3OFF5,CAMARÓN EC.. UATORIANO PORCIONADO,,inv_bdn3_off_5
CAMARON-EC-UATORIANO-KIL-BDN3OFF4,CAMARÓN EC.... UATORIANO KILO,,inv_bdn3_off_4
CAMARON-NACIONAL-KILO-BDN3OFF6,CAMARÓN NACIONAL KILO,,inv_bdn3_off_6
CAMARON-NACIONAL-PORCION-BDN3OFF7,CAMARÓN NACIONAL PORCIÓN,,inv_bdn3_off_7
CAMPARI-N3OFF264,CAMPARI,VINOTECA,inv_bdn3_off_264
CANADA-DRY-DN3OFF74,CANADA DRY,CCU,inv_bdn3_off_74
CANADA-DRY-CERO-DN3OFF75,CANADA DRY CERO,CCU,inv_bdn3_off_75
CANELA-MOLIDA-N3OFF343,CANELA MOLIDA,"ABARROTES, CONDIMENTOS, ESPECIAS Y SALSAS",inv_bdn3_off_343
CANELA-PALO-N3OFF344,CANELA PALO,"ABARROTES, CONDIMENTOS, ESPECIAS Y SALSAS",inv_bdn3_off_344
CARNE-DE-CENTOLLA-BDN3OFF8,CARNE DE CENTOLLA,,inv_bdn3_off_8
CARNE-DE-CENTOLLA-PORCIO-BDN3OFF9,CARNE DE CENTOLLA PORCIÓN,,inv_bdn3_off_9
CARNE-DE-JAIBA-DN3OFF10,CARNE DE JAIBA,,inv_bdn3_off_10
CARNE-DE-JAIBA-PORCION-DN3OFF11,CARNE DE JAIBA PORCIÓN,,inv_bdn3_off_11
CARNE-MOLIDA-N3OFF134,CARNE MOLIDA,FRIGOSORNO,inv_bdn3_off_134
CASAS-D-B-PEQUENAS-PRODU-N3OFF308,CASAS D. B. PEQUENAS PRODUCCIONES,VINOTECA,inv_bdn3_off_308
CASAS-DEL-BOSQUES-CHARDO-N3OFF307,CASAS DEL BOSQUES CHARDONNAY,VINOTECA,inv_bdn3_off_307
CASAS-DEL-BOSQUES-S-BLAN-N3OFF306,CASAS DEL BOSQUES S. BLANC,VINOTECA,inv_bdn3_off_306
CEBICHE-DE-150-DN3OFF12,CEBICHE DE 150,,inv_bdn3_off_12
CEBICHE-DE-200-DN3OFF13,CEBICHE DE 200,,inv_bdn3_off_13
CEBOLLA-BLANCA-N3OFF185,CEBOLLA BLANCA,LA CHACRA,inv_bdn3_off_185
CEBOLLA-MORADA-N3OFF186,CEBOLLA MORADA,LA CHACRA,inv_bdn3_off_186
CEBOLLIN-N3OFF184,CEBOLLÍN,LA CHACRA,inv_bdn3_off_184
CERA-VITRIFICANTE-N3OFF329,CERA VITRIFICANTE,ASEO Y OTROS,inv_bdn3_off_329
CHAMPAGNE-MOET-CHANDON-N3OFF225,CHAMPAGNE MOET CHANDON,PREMIUM BRANDS,inv_bdn3_off_225
CHAMPAGNE-TATTINGER-21561531,CHAMPAGNE TATTINGER,PREMIUM BRANDS,inv_1777321561531
CHAMPINONES-N3OFF371,CHAMPINONES,"FRUTAS, VERDURAS Y HIERBAS",inv_bdn3_off_371
CHATEU-LOS-BOLDOS-CARMEN-N3OFF227,CHATEU LOS BOLDOS CARMENERE,PREMIUM BRANDS,inv_bdn3_off_227
CHATEU-LOS-BOLDOS-S-BLAN-N3OFF226,CHATEU LOS BOLDOS S. BLANC,PREMIUM BRANDS,inv_bdn3_off_226
CHOCLO-CONGELADO-N3OFF156,CHOCLO CONGELADO,ICB,inv_bdn3_off_156
CHOCOLATE-VOLCAN-N3OFF345,CHOCOLATE VOLCAN,"ABARROTES, CONDIMENTOS, ESPECIAS Y SALSAS",inv_bdn3_off_345
CHOLGAS-DN3OFF14,CHOLGAS,,inv_bdn3_off_14
CHORITOS-DN3OFF15,CHORITOS,,inv_bdn3_off_15
CHORITOS-LIMPIOS-13046744,CHORITOS LIMPIOS,PRODUCCION,inv_1777313046744
CHORIZOS-N3OFF382,CHORIZOS,OTROS,inv_bdn3_off_382
CHORO-MALTON-DN3OFF16,CHORO MALTON,,inv_bdn3_off_16
CIBOULETTE-N3OFF187,CIBOULETTE,LA CHACRA,inv_bdn3_off_187
CIF-BANOS-34639802,CIF BANOS,EL TRIGAL,inv_1777734639802
CILANTRO-N3OFF188,CILANTRO,LA CHACRA,inv_bdn3_off_188
CLAVO-DE-OLOR-N3OFF346,CLAVO DE OLOR,"ABARROTES, CONDIMENTOS, ESPECIAS Y SALSAS",inv_bdn3_off_346
CLORO-DN3OFF58,CLORO,ASEO TORRES,inv_bdn3_off_58
COCHAYUYO-ENTERO-N3OFF189,COCHAYUYO ENTERO,LA CHACRA,inv_bdn3_off_189
COCHAYUYO-PORCION-N3OFF190,COCHAYUYO PORCIÓN,LA CHACRA,inv_bdn3_off_190
COFIAS-BLANCAS-N3OFF125,COFIAS BLANCAS,ENVASES EUROPACK,inv_bdn3_off_125
COINTREAU-N3OFF269,COINTREAU,VINOTECA,inv_bdn3_off_269
CONAC-3-PALOS-N3OFF267,CONAC 3 PALOS,VINOTECA,inv_bdn3_off_267
CONAC-HENNESSEY-N3OFF268,CONAC HENNESSEY,VINOTECA,inv_bdn3_off_268
CONCENTRADO-TOMATE-N3OFF155,CONCENTRADO TOMATE,ICB,inv_bdn3_off_155
CONGRIO-CALDILLO-DN3OFF17,CONGRIO CALDILLO,,inv_bdn3_off_17
CONGRIO-CALUGAS-08268806,CONGRIO CALUGAS,PRODUCCION,inv_1777408268806
CONGRIO-FILETE-PLANCHA-DN3OFF18,CONGRIO FILETE (PLANCHA),,inv_bdn3_off_18
CONGRIO-FRESCO-DN3OFF19,CONGRIO FRESCO,,inv_bdn3_off_19
CONGRIO-HGT-DN3OFF20,CONGRIO HGT,,inv_bdn3_off_20
CONGRIO-MEDALLON-FRITO-DN3OFF21,CONGRIO MEDALLON (FRITO),,inv_bdn3_off_21
CORRALILLO-PINOT-N3OFF310,CORRALILLO PINOT,VINOTECA,inv_bdn3_off_310
CORRALILLO-S-BLANC-N3OFF309,CORRALILLO S. BLANC,VINOTECA,inv_bdn3_off_309
CORVINA-DN3OFF22,CORVINA,,inv_bdn3_off_22
CREMA-CHANTILLI-N3OFF374,CREMA CHANTILLI,LÁCTEOS Y DERIVADOS,inv_bdn3_off_374
CREMA-DE-CASSIS-MITJANS-N3OFF266,CREMA DE CASSIS MITJANS,VINOTECA,inv_bdn3_off_266
CREMA-DE-LECHE-DN3OFF67,CREMA DE LECHE,COLUN,inv_bdn3_off_67
CREMA-DE-MARISCOS-N3OFF347,CREMA DE MARISCOS,"ABARROTES, CONDIMENTOS, ESPECIAS Y SALSAS",inv_bdn3_off_347
CRISTAL-DN3OFF87,CRISTAL,CCU,inv_bdn3_off_87
CRISTAL-CERO-DN3OFF88,CRISTAL CERO,CCU,inv_bdn3_off_88
DESODORANTE-AMBIENTAL-61389390,DESODORANTE AMBIENTAL,SUPERMERCADO,inv_1779461389390
DIENTE-DE-DRAGON-46836373,DIENTE DE DRAGON,LA CHACRA SPA,inv_1779546836373
DRAMBUI-N3OFF270,DRAMBUI,VINOTECA,inv_bdn3_off_270
ENDULZANTE-LIQUIDO-N3OFF348,ENDULZANTE LIQUIDO,"ABARROTES, CONDIMENTOS, ESPECIAS Y SALSAS",inv_bdn3_off_348
ENDULZANTE-SACHET-N3OFF349,ENDULZANTE SACHET,"ABARROTES, CONDIMENTOS, ESPECIAS Y SALSAS",inv_bdn3_off_349
ERIZOS-59168946,ERIZOS,GOURMAR,inv_1779459168946
ESCOBILLONES-N3OFF250,ESCOBILLONES,VIRGINIA,inv_bdn3_off_250
ESPINACA-N3OFF191,ESPINACA,LA CHACRA,inv_bdn3_off_191
FERNET-BRANCA-N3OFF272,FERNET BRANCA,VINOTECA,inv_bdn3_off_272
FIDEOS-N3OFF157,FIDEOS,ICB,inv_bdn3_off_157
FILETE-DESPUNTE-35554548,FILETE DESPUNTE,,inv_1779635554548
FILETE-ENTERO-N3OFF135,FILETE ENTERO,FRIGOSORNO,inv_bdn3_off_135
FILETE-X-300-G-N3OFF136,FILETE X 300 G,FRIGOSORNO,inv_bdn3_off_136
POLLO-FILETITOS-07832312,POLLO FILETITOS,PRODUCCION,inv_1777407832312
FLORES-COMESTIBLES-N3OFF372,FLORES COMESTIBLES,"FRUTAS, VERDURAS Y HIERBAS",inv_bdn3_off_372
FRANGELICO-N3OFF271,FRANGELICO,VINOTECA,inv_bdn3_off_271
FRUTILLAS-N3OFF192,FRUTILLAS,LA CHACRA,inv_bdn3_off_192
GAS-BUTANO-63548954,GAS BUTANO,SUPERMERCADO,inv_1779563548954
GIN-BEEFEATER-N3OFF274,GIN BEEFEATER,VINOTECA,inv_bdn3_off_274
GIN-TANQUERAY-N3OFF275,GIN TANQUERAY,VINOTECA,inv_bdn3_off_275
GRANADINA-N3OFF273,GRANADINA,VINOTECA,inv_bdn3_off_273
GUANTES-L-N3OFF128,GUANTES L,ENVASES EUROPACK,inv_bdn3_off_128
GUANTES-M-N3OFF127,GUANTES M,ENVASES EUROPACK,inv_bdn3_off_127
GUANTES-S-N3OFF126,GUANTES S,ENVASES EUROPACK,inv_bdn3_off_126
HARINA-SIN-POLVO-N3OFF158,HARINA SIN POLVO,ICB,inv_bdn3_off_158
HEINEKEN-DN3OFF89,HEINEKEN,CCU,inv_bdn3_off_89
HELADO-CHOCOLATE-N3OFF142,HELADO CHOCOLATE,FRUTATTO,inv_bdn3_off_142
HELADO-FRUTOS-ROJOS-N3OFF143,HELADO FRUTOS ROJOS,FRUTATTO,inv_bdn3_off_143
HELADO-VAINILLA-N3OFF144,HELADO VAINILLA,FRUTATTO,inv_bdn3_off_144
HIELO-N3OFF223,HIELO,PATAGONIA ICE,inv_bdn3_off_223
HUESOS-N3OFF137,HUESOS,FRIGOSORNO,inv_bdn3_off_137
HUEVOS-BLANCOS-DN3OFF64,HUEVOS BLANCOS,BENBO,inv_bdn3_off_64
HUEVOS-COLOR-DN3OFF65,HUEVOS COLOR,BENBO,inv_bdn3_off_65
INFUSION-BIENESTAR-N3OFF333,INFUSIÓN BIENESTAR,"CAFÉ, TÉ E INFUSIONES",inv_bdn3_off_333
INFUSION-RELAJANTE-17622233,INFUSIÓN RELAJANTE,DEL HUERTO,inv_1776917622233
JABON-DESINFECTANTE-COCI-N3OFF129,JABON DESINFECTANTE COCINA,ENVASES EUROPACK,inv_bdn3_off_129
JAGERMEISTER-N3OFF276,JAGERMEISTER,VINOTECA,inv_bdn3_off_276
JALEA-SIN-SABOR-N3OFF351,JALEA SIN SABOR,"ABARROTES, CONDIMENTOS, ESPECIAS Y SALSAS",inv_bdn3_off_351
JAMESON-N3OFF277,JAMESON,VINOTECA,inv_bdn3_off_277
JAMON-ARTESANAL-38665395,JAMON ARTESANAL,SUPERMERCADO,inv_1777138665395
JENGIBRE-N3OFF193,JENGIBRE,LA CHACRA,inv_bdn3_off_193
JEREZ-TIO-PEPE-N3OFF278,JEREZ TIO PEPE,VINOTECA,inv_bdn3_off_278
JEREZ-ZALAMERO-N3OFF279,JEREZ ZALAMERO,VINOTECA,inv_bdn3_off_279
JUGO-DE-NARANJA-17189996,JUGO DE NARANJA,SUPERMERCADO,inv_1776917189996
JUGO-DE-TOMATE-N3OFF352,JUGO DE TOMATE,"ABARROTES, CONDIMENTOS, ESPECIAS Y SALSAS",inv_bdn3_off_352
JUREL-EN-CONSERVA-60993857,JUREL EN CONSERVA,ICB FOOD SERVICE SPA,inv_1779460993857
KEM-PINA-DN3OFF76,KEM PIÑA,CCU,inv_bdn3_off_76
KETCHUP-N3OFF350,KETCHUP,"ABARROTES, CONDIMENTOS, ESPECIAS Y SALSAS",inv_bdn3_off_350
KUNSTMANN-LAGER-DN3OFF90,KUNSTMANN LAGER,CCU,inv_bdn3_off_90
KUNSTMANN-MIEL-DN3OFF91,KUNSTMANN MIEL,CCU,inv_bdn3_off_91
KUNSTMANN-SIN-ALCOHOL-DN3OFF92,KUNSTMANN SIN ALCOHOL,CCU,inv_bdn3_off_92
KUNSTMANN-SIN-FILTRAR-DN3OFF93,KUNSTMANN SIN FILTRAR,CCU,inv_bdn3_off_93
KUNSTMANN-TOROBAYO-DN3OFF94,KUNSTMANN TOROBAYO,CCU,inv_bdn3_off_94
LANGOSTINOS-DN3OFF24,LANGOSTINOS,,inv_bdn3_off_24
LANGOSTINOS-PORCION-94134415,LANGOSTINOS PORCIÓN,PRODUCCION,inv_1778094134415
LAUREL-N3OFF353,LAUREL,"ABARROTES, CONDIMENTOS, ESPECIAS Y SALSAS",inv_bdn3_off_353
LAVALOZA-N3OFF251,LAVALOZA,VIRGINIA,inv_bdn3_off_251
LECHE-DE-ALMENDRAS-PRI-N3OFF375,LECHE DE ALMENDRAS (PRI),LÁCTEOS Y DERIVADOS,inv_bdn3_off_375
LECHE-DESCREMADA-O-SIN-L-48334875,LECHE DESCREMADA O SIN LACTOSA,,inv_1777848334875
LECHE-ENTERA-DN3OFF66,LECHE ENTERA,COLUN,inv_bdn3_off_66
LECHE-EVAPORADA-N3OFF159,LECHE EVAPORADA,ICB,inv_bdn3_off_159
LECHE-PROTEINA-SEBAS-N3OFF376,LECHE PROTEINA (SEBAS),LÁCTEOS Y DERIVADOS,inv_bdn3_off_376
LECHUGA-ESCAROLA-PERSONA-N3OFF194,LECHUGA ESCAROLA PERSONAL,LA CHACRA,inv_bdn3_off_194
LECHUGA-ROBLE-HIDROPONIC-N3OFF196,LECHUGA ROBLE HIDROPONICA,LA CHACRA,inv_bdn3_off_196
LENTEJAS-N3OFF160,LENTEJAS,ICB,inv_bdn3_off_160
LEYDA-RESERVA-CHARDONNAY-DN3OFF99,LEYDA RESERVA CHARDONNAY,CCU,inv_bdn3_off_99
LEYDA-RESERVA-MERLOT-17197205,LEYDA RESERVA MERLOT,COMERCIAL CCU S.A.,inv_1777217197205
LEYDA-RESERVA-PINOT-N3OFF100,LEYDA RESERVA PINOT,CCU,inv_bdn3_off_100
LEYDA-RESERVA-S-BLANC-N3OFF101,LEYDA RESERVA S. BLANC,CCU,inv_bdn3_off_101
LICOR-CACAO-MITJANS-N3OFF281,LICOR CACAO MITJANS,VINOTECA,inv_bdn3_off_281
LICOR-CAFE-MITJANS-N3OFF282,LICOR CAFÉ MITJANS,VINOTECA,inv_bdn3_off_282
LICOR-DE-ANIS-N3OFF280,LICOR DE ANIS,VINOTECA,inv_bdn3_off_280
LICOR-DE-MANZANILLA-CASA-N3OFF119,LICOR DE MANZANILLA CASA,DON CARLOS SAAVEDRA,inv_bdn3_off_119
LICOR-DE-MENTA-CASA-N3OFF120,LICOR DE MENTA CASA,DON CARLOS SAAVEDRA,inv_bdn3_off_120
LIMON-SODA-DN3OFF77,LIMÓN SODA,CCU,inv_bdn3_off_77
LIMON-SUTIL-N3OFF197,LIMÓN SUTIL,LA CHACRA,inv_bdn3_off_197
LIMONES-JUGO-N3OFF373,LIMONES JUGO,"FRUTAS, VERDURAS Y HIERBAS",inv_bdn3_off_373
LOCOS-FRASCOS-DN3OFF25,LOCOS FRASCOS,,inv_bdn3_off_25
LOCOS-FRESCOS-ENTRADA-GA-DN3OFF26,LOCOS FRESCOS ENTRADA GALLINA,GALLINA,inv_bdn3_off_26
LOCOS-PARA-PICAR-SALSA-DN3OFF27,LOCOS PARA PICAR (SALSA),GALLINA,inv_bdn3_off_27
LOMO-LISO-ENTERO-N3OFF138,LOMO LISO ENTERO,FRIGOSORNO,inv_bdn3_off_138
LOMO-LISO-PORCION-N3OFF139,LOMO LISO PORCIÓN,FRIGOSORNO,inv_bdn3_off_139
LUSTRA-MUEBLES-N3OFF252,LUSTRA MUEBLES,VIRGINIA,inv_bdn3_off_252
MACHAS-1-2-CONCHA-DN3OFF28,MACHAS 1/2 CONCHA,,inv_bdn3_off_28
MACHAS-LENGUA-DN3OFF30,MACHAS LENGUA,K. SHARIFF,inv_bdn3_off_30
MAICENA-N3OFF161,MAICENA,ICB,inv_bdn3_off_161
MANJAR-DN3OFF68,MANJAR,COLUN,inv_bdn3_off_68
MANTEQUILLA-DN3OFF69,MANTEQUILLA,COLUN,inv_bdn3_off_69
MANZANAS-N3OFF198,MANZANAS,LA CHACRA,inv_bdn3_off_198
MARTINI-BIANCO-N3OFF283,MARTINI BIANCO,VINOTECA,inv_bdn3_off_283
MARTINI-DRY-N3OFF284,MARTINI DRY,VINOTECA,inv_bdn3_off_284
MARTINI-ROSSO-N3OFF285,MARTINI ROSSO,VINOTECA,inv_bdn3_off_285
MASAS-DE-13-CM-N3OFF113,MASAS DE 13 CM,CHEF RUBEN MASAS,inv_bdn3_off_113
MAYONESA-2K-N3OFF162,MAYONESA (2K),ICB,inv_bdn3_off_162
MENTA-FRESCA-N3OFF199,MENTA FRESCA,LA CHACRA,inv_bdn3_off_199
MENTA-MARIE-BRIZARD-N3OFF286,MENTA MARIE BRIZARD,VINOTECA,inv_bdn3_off_286
MERQUEN-N3OFF354,MERQUÉN,"ABARROTES, CONDIMENTOS, ESPECIAS Y SALSAS",inv_bdn3_off_354
MIEL-N3OFF355,MIEL,"ABARROTES, CONDIMENTOS, ESPECIAS Y SALSAS",inv_bdn3_off_355
MIX-VERDE-MIZUNA-N3OFF200,MIX VERDE MIZUNA,LA CHACRA,inv_bdn3_off_200
MONDADIENTES-N3OFF330,MONDADIENTES,ASEO Y OTROS,inv_bdn3_off_330
MONTE-OUTER-LIMITS-S-BLA-N3OFF234,MONTE OUTER LIMITS S. BLANC,PREMIUM BRANDS,inv_bdn3_off_234
MONTES-ALPHA-CABERNET-N3OFF230,MONTES ALPHA CABERNET,PREMIUM BRANDS,inv_bdn3_off_230
MONTES-ALPHA-CARMENERE-N3OFF231,MONTES ALPHA CARMENERE,PREMIUM BRANDS,inv_bdn3_off_231
MONTES-ALPHA-CHARDONNAY-N3OFF232,MONTES ALPHA CHARDONNAY,PREMIUM BRANDS,inv_bdn3_off_232
MONTES-ALPHA-MERLOT-N3OFF233,MONTES ALPHA MERLOT,PREMIUM BRANDS,inv_bdn3_off_233
MONTES-CLASSIC-SERIES-CH-N3OFF229,MONTES CLASSIC SERIES CHARDONNAY,PREMIUM BRANDS,inv_bdn3_off_229
MONTES-CLASSIC-SERIES-S--N3OFF228,MONTES CLASSIC SERIES S. BLANC,PREMIUM BRANDS,inv_bdn3_off_228
MONTGRAS-ANTU-CABERNET-N3OFF235,MONTGRAS ANTU CABERNET,PREMIUM BRANDS,inv_bdn3_off_235
MONTGRAS-ANTU-CARMENERE-N3OFF236,MONTGRAS ANTU CARMENERE,PREMIUM BRANDS,inv_bdn3_off_236
MONTGRAS-DAY-ONE-CHARDON-N3OFF238,MONTGRAS DAY ONE CHARDONNAY,PREMIUM BRANDS,inv_bdn3_off_238
MONTGRAS-DAY-ONE-S-BLANC-N3OFF237,MONTGRAS DAY ONE S. BLANC,PREMIUM BRANDS,inv_bdn3_off_237
MOSTAZA-N3OFF356,MOSTAZA,"ABARROTES, CONDIMENTOS, ESPECIAS Y SALSAS",inv_bdn3_off_356
MOSTAZA-ANTIGUA-N3OFF357,MOSTAZA ANTIGUA,"ABARROTES, CONDIMENTOS, ESPECIAS Y SALSAS",inv_bdn3_off_357
MOSTAZA-DIJON-N3OFF358,MOSTAZA DIJON,"ABARROTES, CONDIMENTOS, ESPECIAS Y SALSAS",inv_bdn3_off_358
NARANJAS-N3OFF201,NARANJAS,LA CHACRA,inv_bdn3_off_201
NAVAJUELAS-DN3OFF31,NAVAJUELAS,,inv_bdn3_off_31
NUEZ-MOSCADA-N3OFF359,NUEZ MOSCADA,"ABARROTES, CONDIMENTOS, ESPECIAS Y SALSAS",inv_bdn3_off_359
ORANGE-CRUSH-DN3OFF78,ORANGE CRUSH,CCU,inv_bdn3_off_78
OSTION-A-GRANEL-BOLSA-DN3OFF32,OSTIÓN A GRANEL BOLSA,,inv_bdn3_off_32
OSTION-CONCHA-DN3OFF33,OSTIÓN CONCHA,,inv_bdn3_off_33
PAD-ROJO-DN3OFF60,PAD ROJO,ASEO TORRES,inv_bdn3_off_60
PALA-N3OFF253,PALA,VIRGINIA,inv_bdn3_off_253
PALANCA-ENTERA-N3OFF140,PALANCA ENTERA,FRIGOSORNO,inv_bdn3_off_140
PALANCA-PORCION-N3OFF141,PALANCA PORCIÓN,FRIGOSORNO,inv_bdn3_off_141
PALMITOS-ENTEROS-800-G-S-N3OFF163,PALMITOS ENTEROS 800 G SUPERMERCADO,ICB,inv_bdn3_off_163
PALTA-FIRME-N3OFF202,PALTA FIRME,LA CHACRA,inv_bdn3_off_202
PAN-CLIENTES-N3OFF246,PAN CLIENTES,SEVEN SPA,inv_bdn3_off_246
PAN-RALLADO-N3OFF247,PAN RALLADO,SEVEN SPA,inv_bdn3_off_247
PANKO-BLANCO-N3OFF164,PANKO BLANCO,ICB,inv_bdn3_off_164
PANOS-SPONGI-N3OFF255,PANOS SPONGI,VIRGINIA,inv_bdn3_off_255
PANOS-AMARILLO-DN3OFF59,PANOS AMARILLO,ASEO TORRES,inv_bdn3_off_59
PAP-DN3OFF79,PAP,CCU,inv_bdn3_off_79
PAPAS-CAMOTE-N3OFF203,PAPAS CAMOTE,LA CHACRA,inv_bdn3_off_203
PAPAS-CON-PIEL-N3OFF204,PAPAS CON PIEL,LA CHACRA,inv_bdn3_off_204
PAPAS-FRITAS-N3OFF165,PAPAS FRITAS,ICB,inv_bdn3_off_165
PAPAYAS-N3OFF116,PAPAYAS,DSC. SPA,inv_bdn3_off_116
PAPEL-ALUMINIO-N3OFF130,PAPEL ALUMINIO,ENVASES EUROPACK,inv_bdn3_off_130
PAPEL-HIGIENICO-DN3OFF61,PAPEL HIGIENICO,ASEO TORRES,inv_bdn3_off_61
PASTA-DE-HUEVO-N3OFF114,PASTA DE HUEVO,CHEF RUBEN DI SOUZA,inv_bdn3_off_114
PASTELERA-DE-CHOCLO-N3OFF166,PASTELERA DE CHOCLO,ICB,inv_bdn3_off_166
PASTILLAS-HORNO-N3OFF175,PASTILLAS HORNO,IMAE,inv_bdn3_off_175
PECHUGA-DE-PAVO-DN3OFF47,PECHUGA DE PAVO,ARIZTIA,inv_bdn3_off_47
PECHUGA-DE-POLLO-DN3OFF48,PECHUGA DE POLLO,ARIZTIA,inv_bdn3_off_48
PEJERREY-DN3OFF34,PEJERREY,,inv_bdn3_off_34
PEPINO-ENSALADA-N3OFF205,PEPINO ENSALADA,LA CHACRA,inv_bdn3_off_205
PEPSI-DN3OFF80,PEPSI,CCU,inv_bdn3_off_80
PEPSI-ZERO-DN3OFF81,PEPSI ZERO,CCU,inv_bdn3_off_81
PEREJIL-N3OFF206,PEREJIL,LA CHACRA,inv_bdn3_off_206
PICKLES-N3OFF207,PICKLES,LA CHACRA,inv_bdn3_off_207
PIMENTON-AMARILLO-N3OFF208,PIMENTÓN AMARILLO,LA CHACRA,inv_bdn3_off_208
PIMENTON-ROJO-N3OFF209,PIMENTÓN ROJO,LA CHACRA,inv_bdn3_off_209
PIMENTON-VERDE-N3OFF210,PIMENTÓN VERDE,LA CHACRA,inv_bdn3_off_210
PIMIENTA-ENTERA-N3OFF360,PIMIENTA ENTERA,"ABARROTES, CONDIMENTOS, ESPECIAS Y SALSAS",inv_bdn3_off_360
PIMIENTA-MOLIDA-N3OFF361,PIMIENTA MOLIDA,"ABARROTES, CONDIMENTOS, ESPECIAS Y SALSAS",inv_bdn3_off_361
PINO-MARISCOS-EMPANADAS-93450778,PINO MARISCOS (EMPANADAS),PRODUCCION,inv_1777993450778
PINZAS-DE-JAIBA-DN3OFF35,PINZAS DE JAIBA,,inv_bdn3_off_35
PISCO-ALTO-DEL-CARMEN-35-N3OFF287,PISCO ALTO DEL CARMEN 35,VINOTECA,inv_bdn3_off_287
PISCO-ALTO-DEL-CARMEN-40-N3OFF288,PISCO ALTO DEL CARMEN 40,VINOTECA,inv_bdn3_off_288
PISCO-BARSOL-N3OFF289,PISCO BARSOL,VINOTECA,inv_bdn3_off_289
PISCO-BOU-BARROETA-MARIA-N3OFF239,PISCO BOU BARROETA MARIAS,PREMIUM BRANDS,inv_bdn3_off_239
PISCO-CAMPANARIO-40-N3OFF121,PISCO CAMPANARIO 40,DON CARLOS SAAVEDRA,inv_bdn3_off_121
PISCO-MISTRAL-35-N3OFF110,PISCO MISTRAL 35,CCU,inv_bdn3_off_110
PISCO-MISTRAL-40-N3OFF111,PISCO MISTRAL 40,CCU,inv_bdn3_off_111
PISCO-MISTRAL-NOBEL-N3OFF112,PISCO MISTRAL NOBEL,CCU,inv_bdn3_off_112
PISCO-TABERNERO-N3OFF290,PISCO TABERNERO,VINOTECA,inv_bdn3_off_290
PLATANOS-N3OFF211,PLÁTANOS,LA CHACRA,inv_bdn3_off_211
POROTOS-N3OFF167,POROTOS,ICB,inv_bdn3_off_167
PUERRO-N3OFF212,PUERRO,LA CHACRA,inv_bdn3_off_212
PULPA-FRUTILLA-DN3OFF44,PULPA FRUTILLA,AGROLMUE,inv_bdn3_off_44
PULPA-MANGO-DN3OFF45,PULPA MANGO,AGROLMUE,inv_bdn3_off_45
PULPA-PINA-DN3OFF46,PULPA PIÑA,AGROLMUE,inv_bdn3_off_46
PULPO-DN3OFF36,PULPO,,inv_bdn3_off_36
PULPO-PORCION-07729694,PULPO PORCIÓN,PRODUCCION,inv_1777907729694
QUESO-CREMA-N3OFF168,QUESO CREMA,ICB,inv_bdn3_off_168
QUESO-DE-CABRA-N3OFF242,QUESO DE CABRA,QUESOS  JUAN ARDILES,inv_bdn3_off_242
QUESO-EMMENTAL-N3OFF377,QUESO EMMENTAL,LÁCTEOS Y DERIVADOS,inv_bdn3_off_377
QUESO-LAMINADO-N3OFF240,QUESO LAMINADO,QUESOS  JUAN ARDILES,inv_bdn3_off_240
QUESO-MANTECOSO-N3OFF241,QUESO MANTECOSO,QUESOS  JUAN ARDILES,inv_bdn3_off_241
QUESO-MOZARELLA-N3OFF378,QUESO MOZARELLA,LÁCTEOS Y DERIVADOS,inv_bdn3_off_378
QUESO-PARMESANOOOOOOOOO--N3OFF243,QUESO PARMESANOOOOOOOOO REGGIANITO,QUESOS  JUAN ARDILES,inv_bdn3_off_243
QUESO-RALLADO-X-2-K-N3OFF244,QUESO RALLADO X 2 K,QUESOS  JUAN ARDILES,inv_bdn3_off_244
QUINOA-BLANCA-N3OFF169,QUINOA BLANCA,ICB,inv_bdn3_off_169
QUINOA-NEGRA-N3OFF171,QUINOA NEGRA,ICB,inv_bdn3_off_171
QUINOA-ROJA-N3OFF170,QUINOA ROJA,ICB,inv_bdn3_off_170
RAMAZZOTTI-N3OFF105,RAMAZZOTTI,CCU,inv_bdn3_off_105
REINETA-ENTERA-DN3OFF37,REINETA ENTERA,,inv_bdn3_off_37
REINETA-FILETE-DN3OFF38,REINETA FILETE,,inv_bdn3_off_38
ROLLOS-TERMICOS-39739896,ROLLOS TERMICOS,EL TRIGAL,inv_1777139739896
RON-BLANCO-BARCELO-N3OFF292,RON BLANCO BARCELO,VINOTECA,inv_bdn3_off_292
RON-HABANA-CLUB-3-ANOS-B-N3OFF106,RON HABANA CLUB 3 ANOS BLANCO,CCU,inv_bdn3_off_106
RON-HABANA-CLUB-7-ANOS-N3OFF107,RON HABANA CLUB 7 ANOS,CCU,inv_bdn3_off_107
RON-HABANA-CLUB-RESERVA-N3OFF108,RON HABANA CLUB RESERVA,CCU,inv_bdn3_off_108
RON-HABANA-CLUB-RESERVA--N3OFF109,RON HABANA CLUB RESERVA ESPECIAL,CCU,inv_bdn3_off_109
RUCULA-N3OFF213,RUCULA,LA CHACRA,inv_bdn3_off_213
SAL-N3OFF172,SAL,ICB,inv_bdn3_off_172
VIENESAS-39209524,VIENESAS,SUPERMERCADO,inv_1777139209524
SALMON-ENTERO-AL-VACIO-61035029,SALMÓN ENTERO (AL VACIO),GLOBAL FROZEN,inv_1777661035029
SALMON-FILETE-PORCION-DN3OFF40,SALMÓN FILETE PORCIÓN,,inv_bdn3_off_40
SALMON-FRESCO-ENTERO-DN3OFF39,SALMÓN FRESCO ENTERO,,inv_bdn3_off_39
SALMON-PERLITAS-Y-RAVIOL-28712578,SALMÓN PERLITAS Y RAVIOLES,,inv_1777128712578
SALSA-DE-OSTRAS-N3OFF362,SALSA DE OSTRAS,"ABARROTES, CONDIMENTOS, ESPECIAS Y SALSAS",inv_bdn3_off_362
SALSA-DE-SOYA-34399923,SALSA DE SOYA,SUPERMERCADO,inv_1777734399923
SALSA-INGLESA-N3OFF363,SALSA INGLESA,"ABARROTES, CONDIMENTOS, ESPECIAS Y SALSAS",inv_bdn3_off_363
SEMILLAS-DE-ZAPALLO-62800757,SEMILLAS DE ZAPALLO,LA CHACRA SPA,inv_1779462800757
SERVILLETAS-BLANCAS-N3OFF331,SERVILLETAS BLANCAS,ASEO Y OTROS,inv_bdn3_off_331
SERVILLETAS-NEGRAS-N3OFF131,SERVILLETAS NEGRAS,ENVASES EUROPACK,inv_bdn3_off_131
SESAMO-N3OFF364,SÉSAMO,"ABARROTES, CONDIMENTOS, ESPECIAS Y SALSAS",inv_bdn3_off_364
SEVEN-UP-DN3OFF82,SEVEN UP,CCU,inv_bdn3_off_82
SOL-DN3OFF95,SOL,CCU,inv_bdn3_off_95
STA-EMA-RESERVA-SIRAH-N3OFF323,STA EMA RESERVA SIRAH,VINOTECA,inv_bdn3_off_323
STA-EMA-CABERNET-RESERVA-N3OFF311,STA. EMA CABERNET RESERVA 3/4,VINOTECA,inv_bdn3_off_311
STA-EMA-CATALINA-3-4-N3OFF312,STA. EMA CATALINA 3/4,VINOTECA,inv_bdn3_off_312
STA-EMA-GRAN-RESERVA-CAB-05984458,STA. EMA GRAN RESERVA CABERNET,VINOTECA,inv_1777905984458
STA-EMA-GRAN-RESERVA-MER-17331237,STA. EMA GRAN RESERVA MERLOT,COMERCIAL CCU S.A.,inv_1777217331237
STA-EMA-TERROIR-CABERNET-N3OFF318,STA. EMA TERROIR CABERNET 1/2,VINOTECA,inv_bdn3_off_318
STA-EMA-TERROIR-CABERNET-N3OFF317,STA. EMA TERROIR CABERNET 3/4,VINOTECA,inv_bdn3_off_317
STA-EMA-TERROIR-CARMENER-N3OFF320,STA. EMA TERROIR CARMENERE 1/2,VINOTECA,inv_bdn3_off_320
STA-EMA-TERROIR-CARMENER-N3OFF319,STA. EMA TERROIR CARMENERE 3/4,VINOTECA,inv_bdn3_off_319
STA-EMA-TERROIR-CHARDONN-N3OFF316,STA. EMA TERROIR CHARDONNAY 1/2,VINOTECA,inv_bdn3_off_316
STA-EMA-TERROIR-CHARDONN-N3OFF315,STA. EMA TERROIR CHARDONNAY 3/4,VINOTECA,inv_bdn3_off_315
STA-EMA-TERROIR-MERLOT-1-N3OFF322,STA. EMA TERROIR MERLOT 1/2,VINOTECA,inv_bdn3_off_322
STA-EMA-TERROIR-MERLOT-3-N3OFF321,STA. EMA TERROIR MERLOT 3/4,VINOTECA,inv_bdn3_off_321
STA-EMA-TERROIR-S-BLANC--N3OFF314,STA. EMA TERROIR S. BLANC 1/2,VINOTECA,inv_bdn3_off_314
STA-EMA-TERROIR-S-BLANC--N3OFF313,STA. EMA TERROIR S. BLANC 3/4,VINOTECA,inv_bdn3_off_313
SURTIDO-DE-MARISCOS-DN3OFF42,SURTIDO DE MARISCOS,,inv_bdn3_off_42
TABASCO-N3OFF365,TABASCO,"ABARROTES, CONDIMENTOS, ESPECIAS Y SALSAS",inv_bdn3_off_365
TARAPACA-GRAN-RESERVA-CA-N3OFF102,TARAPACA GRAN RESERVA CABERNET ETIQUETA NEGRA,CCU,inv_bdn3_off_102
TARAPACA-GRAN-RESERVA-CA-N3OFF103,TARAPACA GRAN RESERVA CARMENERE,CCU,inv_bdn3_off_103
TARAPACA-GRAN-RESERVA-ME-N3OFF104,TARAPACA GRAN RESERVA MERLOT,CCU,inv_bdn3_off_104
TE-CHAI-N3OFF335,TÉ CHAI,"CAFÉ, TÉ E INFUSIONES",inv_bdn3_off_335
TE-MANZANILLA-N3OFF336,TÉ MANZANILLA,"CAFÉ, TÉ E INFUSIONES",inv_bdn3_off_336
TE-NEGRO-N3OFF337,TÉ NEGRO,"CAFÉ, TÉ E INFUSIONES",inv_bdn3_off_337
TE-VERDE-N3OFF338,TÉ VERDE,"CAFÉ, TÉ E INFUSIONES",inv_bdn3_off_338
TEQUILA-OLMECA-N3OFF294,TEQUILA OLMECA,VINOTECA,inv_bdn3_off_294
TOALLA-DE-PAPEL-CORRIENT-N3OFF132,TOALLA DE PAPEL CORRIENTE,ENVASES EUROPACK,inv_bdn3_off_132
TOALLA-DE-PAPEL-DISPENSA-DN3OFF62,TOALLA DE PAPEL DISPENSADOR,ASEO TORRES,inv_bdn3_off_62
TOALLAS-DE-CLORO-39762993,TOALLAS DE CLORO,SUPERMERCADO,inv_1777139762993
TOCINO-N3OFF383,TOCINO,OTROS,inv_bdn3_off_383
TOMATE-CAJA-N3OFF216,TOMATE CAJA,LA CHACRA,inv_bdn3_off_216
TOMATE-CHERRY-AMARILLO-N3OFF214,TOMATE CHERRY AMARILLO,LA CHACRA,inv_bdn3_off_214
TOMATE-CHERRY-ROJO-N3OFF215,TOMATE CHERRY ROJO,LA CHACRA,inv_bdn3_off_215
TOMATE-DESHIDRATADO-N3OFF217,TOMATE DESHIDRATADO,LA CHACRA,inv_bdn3_off_217
TONICA-DN3OFF83,TONICA,CCU,inv_bdn3_off_83
TONICA-ZERO-DN3OFF84,TONICA ZERO,CCU,inv_bdn3_off_84
TORTILLAS-BURRERAS-50560670,TORTILLAS BURRERAS,SUPERMERCADO,inv_1779550560670
TRAPEROS-DN3OFF63,TRAPEROS,ASEO TORRES,inv_bdn3_off_63
TRIPLE-SEC-MITJANS-N3OFF293,TRIPLE SEC MITJANS,VINOTECA,inv_bdn3_off_293
TRUCHA-DN3OFF43,TRUCHA,,inv_bdn3_off_43
TRUTRO-DE-POLLO-DN3OFF49,TRUTRO DE POLLO,ARIZTIA,inv_bdn3_off_49
UVAS-N3OFF218,UVAS,LA CHACRA,inv_bdn3_off_218
VAINILLA-LIQUIDA-N3OFF366,VAINILLA LIQUIDA,"ABARROTES, CONDIMENTOS, ESPECIAS Y SALSAS",inv_bdn3_off_366
VAINILLA-VAINAS-N3OFF367,VAINILLA VAINAS,"ABARROTES, CONDIMENTOS, ESPECIAS Y SALSAS",inv_bdn3_off_367
VINA-MAR-BRUT-1-2-DN3OFF97,VINA MAR BRUT 1/2,CCU,inv_bdn3_off_97
VINA-MAR-BRUT-3-4-DN3OFF96,VINA MAR BRUT 3/4,CCU,inv_bdn3_off_96
VINAGRE-BALSAMICO-N3OFF173,VINAGRE BALSAMICO,ICB,inv_bdn3_off_173
VINAGRE-BLANCO-O-MANZANA-N3OFF174,VINAGRE BLANCO O MANZANA,ICB,inv_bdn3_off_174
VINO-BLANCO-BIDON-N3OFF324,VINO BLANCO BIDON,VINOTECA,inv_bdn3_off_324
VINO-DULCE-CENTENARIO-N3OFF265,VINO DULCE CENTENARIO,VINOTECA,inv_bdn3_off_265
VINO-TINTO-BIDON-N3OFF325,VINO TINTO BIDON,VINOTECA,inv_bdn3_off_325
VIRUTILLAS-PARRILLA-N3OFF133,VIRUTILLAS PARRILLA,ENVASES EUROPACK,inv_bdn3_off_133
VODKA-ABSOLUT-N3OFF295,VODKA ABSOLUT,VINOTECA,inv_bdn3_off_295
VODKA-GREY-GOOSE-N3OFF296,VODKA GREY GOOSE,VINOTECA,inv_bdn3_off_296
VODKA-STOLISCHNAYA-N3OFF297,VODKA STOLISCHNAYA,VINOTECA,inv_bdn3_off_297
WHISKEY-100-PIPERS-N3OFF298,WHISKEY 100 PIPERS,VINOTECA,inv_bdn3_off_298
WHISKEY-CHIVAS-REGAL-12--N3OFF299,WHISKEY CHIVAS REGAL 12 ANOS,VINOTECA,inv_bdn3_off_299
WHISKEY-CHIVAS-REGAL-18--N3OFF300,WHISKEY CHIVAS REGAL 18 ANOS,VINOTECA,inv_bdn3_off_300
WHISKEY-JACK-DANIELS-N3OFF301,WHISKEY JACK DANIELS,VINOTECA,inv_bdn3_off_301
WHISKEY-JHONNY-W-NEGRO-N3OFF303,WHISKEY JHONNY W. NEGRO,VINOTECA,inv_bdn3_off_303
WHISKEY-JHONNY-W-ROJO-N3OFF302,WHISKEY JHONNY W. ROJO,VINOTECA,inv_bdn3_off_302
WHISKEY-JHONNY-W-VERDE-N3OFF304,WHISKEY JHONNY W. VERDE,VINOTECA,inv_bdn3_off_304
YODOMIX-N3OFF256,YODOMIX,VIRGINIA,inv_bdn3_off_256
YOGUR-KEFIR-PRI-N3OFF381,YOGUR KEFIR ( PRI),LÁCTEOS Y DERIVADOS,inv_bdn3_off_381
YOGUR-NATURAL-N3OFF380,YOGUR NATURAL,LÁCTEOS Y DERIVADOS,inv_bdn3_off_380
ZANAHORIAS-N3OFF219,ZANAHORIAS,LA CHACRA,inv_bdn3_off_219
ZAPALLO-CAMOTE-N3OFF221,ZAPALLO CAMOTE,LA CHACRA,inv_bdn3_off_221
ZAPALLO-ITALIANO-N3OFF220,ZAPALLO ITALIANO,LA CHACRA,inv_bdn3_off_220
POLVOS-DE-HORNEAR-21959068,POLVOS DE HORNEAR,SUPERMERCADO,inv_1779821959068
TRUCHA-PORCION-24110187,TRUCHA PORCIÓN,PRODUCCION,inv_1779824110187
SALMON-DESPUNTE-14353218,SALMÓN DESPUNTE,produccion,inv_1779914353218
MASA-PIZZA-67512678,MASA PIZZA,,inv_1780167512678
BASE-PARA-CHUPE-44945491,BASE PARA CHUPE,PRODUCCION,inv_1780344945491
FILETE-PARA-NINO-21924437,FILETE PARA NINO,,inv_1780421924437
LOMO-PARA-NINO-21959479,LOMO PARA NINO,,inv_1780421959479
SALMON-PARA-NINO-21998254,SALMÓN PARA NINO,,inv_1780421998254
REINETA-NUGGETS-22028206,REINETA NUGGETS,,inv_1780422028206
POLLO-NUGGETS-22062771,POLLO NUGGETS,,inv_1780422062771
PALANCA-PARA-NINOS-22390199,PALANCA PARA NINOS,,inv_1780422390199
NUEZ-ENTERA-88501511,NUEZ ENTERA,LA CHACRA SPA,inv_1781188501511
MAQUILA-PESCADOS-94672786,MAQUILA PESCADOS,PRODUCCION,inv_1781894672786
